Patient ID	Sample ID	Cancer Type Detailed	Mutation Count	Fraction Genome Altered	Overall Survival Status	Sex	Copy Number	Gene Expression Subtype	Hyper-mutated	iCluster	Methylation Status	Methylation Subtype	MLH1 Silencing	MRNA Data	MSI Status	Oncotree Code	Primary Tumor Pathologic Spread	Primary Tumor Site
TCGA-A6-2670	TCGA-A6-2670-01	Colon Adenocarcinoma	23	0.5685		Male	1	CIN	0	1	1	Cluster3	0	1	MSS	COAD	T3	3 - left colon
TCGA-A6-2671	TCGA-A6-2671-01	Colon Adenocarcinoma		0.4881	LIVING	Male	1				0			0	MSS	COAD	T3	3 - left colon
TCGA-A6-2672	TCGA-A6-2672-01	Colon Adenocarcinoma	413	0.0357	LIVING	Female	1	MSI/CIMP	1	2a	1	CIMP.H	1	1	MSI-H	COAD	T3	2 - transverse colon
TCGA-A6-2674	TCGA-A6-2674-01	Colorectal Adenocarcinoma	19	0.0611	LIVING	Male	1	MSI/CIMP	0	2b	1	Cluster4	0	1	MSS	COADREAD	T3	3 - left colon
TCGA-A6-2676	TCGA-A6-2676-01	Colorectal Adenocarcinoma	596	0.0434	LIVING	Female	1	MSI/CIMP	1	2a	1	CIMP.H	1	1	MSI-H	COADREAD		1 - right colon
TCGA-A6-2677	TCGA-A6-2677-01	Colon Adenocarcinoma	56	0.1723	LIVING	Female	1	CIN	0	1	1	Cluster3	0	1	MSS	COAD	T3	1 - right colon
TCGA-A6-2678	TCGA-A6-2678-01	Colon Adenocarcinoma	62	0.2501	LIVING	Female	1	Invasive	0	2b	1	Cluster3	0	1	MSS	COAD	T3	2 - transverse colon
TCGA-A6-2679	TCGA-A6-2679-01	Colon Adenocarcinoma		0.3265	LIVING	Female	1				0			0	MSS	COAD	T3	1 - right colon
TCGA-A6-2680	TCGA-A6-2680-01	Colon Adenocarcinoma		0.3938	LIVING	Female	1				0			0	MSS	COAD	T3	1 - right colon
TCGA-A6-2681	TCGA-A6-2681-01	Colon Adenocarcinoma		0.3353	LIVING	Female	1				0			0	MSS	COAD	T3	1 - right colon
TCGA-A6-2682	TCGA-A6-2682-01	Colon Adenocarcinoma		0.0603	DECEASED	Male	1				1			0	MSS	COAD	T4b	1 - right colon
TCGA-A6-2683	TCGA-A6-2683-01	Colon Adenocarcinoma	70	0.4112	LIVING	Male	1	CIN	0	3	1	CIMP.L	0	1	MSI-L	COAD		1 - right colon
TCGA-A6-2684	TCGA-A6-2684-01	Colon Adenocarcinoma		0.1303	LIVING	Female	1				1			0	MSI-L	COAD	T2	1 - right colon
TCGA-A6-2685	TCGA-A6-2685-01	Colon Adenocarcinoma		0.1206	LIVING	Female	1				1			0	MSS	COAD	T3	3 - left colon
TCGA-A6-2686	TCGA-A6-2686-01	Colon Adenocarcinoma		0.3306	LIVING	Female	1				0			0	MSI-H	COAD	T3	1 - right colon
TCGA-A6-3807	TCGA-A6-3807-01	Colon Adenocarcinoma	70	0.3442	LIVING	Female	1	MSI/CIMP	0	3	1	Cluster4	0	1	MSS	COAD	T3	3 - left colon
TCGA-A6-3808	TCGA-A6-3808-01	Colorectal Adenocarcinoma	97		LIVING	Male	0	MSI/CIMP	0		1	Cluster3	0	1	MSI-L	COADREAD	T3	1 - right colon
TCGA-A6-3809	TCGA-A6-3809-01	Colorectal Adenocarcinoma			LIVING	Female	0	MSI/CIMP			1	CIMP.H	1	1	MSI-H	COADREAD		2 - transverse colon
TCGA-A6-3810	TCGA-A6-3810-01	Colon Adenocarcinoma	96	0.5157	LIVING	Male	0	MSI/CIMP	0		1	Cluster4	0	1	MSS	COAD	T3	3 - left colon
TCGA-A6-4107	TCGA-A6-4107-01	Colon Adenocarcinoma		0.2565	LIVING	Female	1				1			0	MSS	COAD	T3	1 - right colon
TCGA-AA-3488	TCGA-AA-3488-01	Colon Adenocarcinoma		0.5933	DECEASED	Male	1				1			0	MSS	COAD	T3	3 - left colon
TCGA-AA-3492	TCGA-AA-3492-01	Colon Adenocarcinoma		0.0047	LIVING	Female	1				1			0	MSI-H	COAD	T3	1 - right colon
TCGA-AA-3494	TCGA-AA-3494-01	Colon Adenocarcinoma		0.4035	LIVING	Male	1				1			0	MSS	COAD	T3	3 - left colon
TCGA-AA-3495	TCGA-AA-3495-01	Colon Adenocarcinoma		0.2107	LIVING	Male	1				1			0	MSS	COAD	T2	1 - right colon
TCGA-AA-3502	TCGA-AA-3502-01	Colon Adenocarcinoma		0.1218	LIVING	Male	1				1			0	MSI-L	COAD	T2	2 - transverse colon
TCGA-AA-3506	TCGA-AA-3506-01	Colon Adenocarcinoma		0.1853	LIVING	Male	1				1			0	MSS	COAD	T2	1 - right colon
TCGA-AA-3509	TCGA-AA-3509-01	Colon Adenocarcinoma			LIVING	Female	0				1			0	MSS	COAD	T3	3 - left colon
TCGA-AA-3510	TCGA-AA-3510-01	Colon Adenocarcinoma		0.0002	LIVING	Male	1				1			0	MSS	COAD	T3	2 - transverse colon
TCGA-AA-3514	TCGA-AA-3514-01	Colon Adenocarcinoma	59	0.0782	LIVING	Female	1	MSI/CIMP	0	2b	1	Cluster3	0	1	MSS	COAD	T2	1 - right colon
TCGA-AA-3516	TCGA-AA-3516-01	Colorectal Adenocarcinoma	690	0.0096	LIVING	Female	1	MSI/CIMP	1	2a	1	CIMP.H	1	1	MSI-H	COADREAD	T3	1 - right colon
TCGA-AA-3517	TCGA-AA-3517-01	Colon Adenocarcinoma	28	0.3710	LIVING	Male	1	CIN	0	3	1	Cluster4	0	1	MSI-L	COAD	T3	3 - left colon
TCGA-AA-3518	TCGA-AA-3518-01	Colon Adenocarcinoma	412	0.0026	LIVING	Female	1	MSI/CIMP	1	2a	1	CIMP.H	1	1	MSI-H	COAD	T3	1 - right colon
TCGA-AA-3519	TCGA-AA-3519-01	Colon Adenocarcinoma	37	0.3694	LIVING	Male	1	CIN	0	3	1	Cluster3	0	1	MSS	COAD	T3	4 - rectum
TCGA-AA-3520	TCGA-AA-3520-01	Colon Adenocarcinoma	53	0.1899	LIVING	Female	1	Invasive	0	2b	1	Cluster3	0	1	MSI-L	COAD	T3	1 - right colon
TCGA-AA-3521	TCGA-AA-3521-01	Colon Adenocarcinoma	43	0.2428	LIVING	Male	1	CIN	0	3	1	Cluster3	0	1	MSS	COAD	T3	3 - left colon
TCGA-AA-3522	TCGA-AA-3522-01	Colon Adenocarcinoma	43	0.2992	LIVING	Male	1	Invasive	0	2b	1	CIMP.L	0	1	MSS	COAD	T3	1 - right colon
TCGA-AA-3524	TCGA-AA-3524-01	Colon Adenocarcinoma	39	0.1879	LIVING	Male	1	Invasive	0	1	1	Cluster4	0	1	MSS	COAD	T3	3 - left colon
TCGA-AA-3525	TCGA-AA-3525-01	Colon Adenocarcinoma	468	0.0018	LIVING	Male	1	MSI/CIMP	1	2a	1	CIMP.H	1	1	MSI-H	COAD	T3	1 - right colon
TCGA-AA-3526	TCGA-AA-3526-01	Colon Adenocarcinoma	45	0.1245	LIVING	Male	1	MSI/CIMP	0		0	Cluster3	0	1	MSI-L	COAD	T2	3 - left colon
TCGA-AA-3527	TCGA-AA-3527-01	Colon Adenocarcinoma	67	0.0639	LIVING	Female	1	CIN	0	2a	1	CIMP.L	0	1	MSS	COAD	T3	1 - right colon
TCGA-AA-3529	TCGA-AA-3529-01	Colon Adenocarcinoma	45	0.1815	DECEASED	Female	1	CIN	0	1	1	Cluster4	0	1	MSI-L	COAD	T3	3 - left colon
TCGA-AA-3530	TCGA-AA-3530-01	Colon Adenocarcinoma	70	0.1065	LIVING	Male	1	CIN	0	3	1	Cluster4	0	1	MSS	COAD	T2	1 - right colon
TCGA-AA-3531	TCGA-AA-3531-01	Colon Adenocarcinoma	57	0.2786	LIVING	Female	1	CIN	0	3	1	Cluster4	0	1	MSI-L	COAD	T3	3 - left colon
TCGA-AA-3532	TCGA-AA-3532-01	Colon Adenocarcinoma	35	0.3778	LIVING	Male	1	MSI/CIMP	0	1	1	Cluster4	0	1	MSS	COAD	T3	3 - left colon
TCGA-AA-3534	TCGA-AA-3534-01	Colon Adenocarcinoma	51	0.7359	LIVING	Female	1	CIN	0	2b	1	Cluster3	0	1	MSS	COAD	T3	1 - right colon
TCGA-AA-3538	TCGA-AA-3538-01	Colon Adenocarcinoma	32	0.3380	LIVING	Female	1	CIN	0	1	1	Cluster4	0	1	MSS	COAD	T2	3 - left colon
TCGA-AA-3542	TCGA-AA-3542-01	Colon Adenocarcinoma	165	0.5186	LIVING	Male	1	CIN	0		0	Cluster4	0	1	MSS	COAD	T3	3 - left colon
TCGA-AA-3543	TCGA-AA-3543-01	Colorectal Adenocarcinoma	192	0.0474	LIVING	Male	1	MSI/CIMP	1	2b	1	CIMP.H	1	1	MSI-H	COADREAD	T2	1 - right colon
TCGA-AA-3544	TCGA-AA-3544-01	Colon Adenocarcinoma	46	0.3123	LIVING	Male	1	CIN	0	1	1	Cluster3	0	1	MSS	COAD	T2	3 - left colon
TCGA-AA-3548	TCGA-AA-3548-01	Colon Adenocarcinoma	31	0.2886	LIVING	Female	1	CIN	0		0	Cluster3	0	1	MSS	COAD	T3	1 - right colon
TCGA-AA-3549	TCGA-AA-3549-01	Colon Adenocarcinoma	51	0.2247	LIVING	Male	1	CIN	0	3	1	CIMP.L	0	1	MSS	COAD	T2	1 - right colon
TCGA-AA-3552	TCGA-AA-3552-01	Colon Adenocarcinoma	44	0.4467	LIVING	Male	1	Invasive	0	1	1	Cluster3	0	1	MSS	COAD	T3	1 - right colon
TCGA-AA-3553	TCGA-AA-3553-01	Colon Adenocarcinoma	28	0.4086	LIVING	Female	1	CIN	0	1	1	Cluster4	0	1	MSI-L	COAD	T2	3 - left colon
TCGA-AA-3554	TCGA-AA-3554-01	Colon Adenocarcinoma	245	0.0054	LIVING	Female	1	MSI/CIMP	1	2a	1	Cluster4	0	1	MSI-H	COAD	T3	1 - right colon
TCGA-AA-3555	TCGA-AA-3555-01	Colorectal Adenocarcinoma	722	0.0004	LIVING	Female	1	MSI/CIMP	1	2a	1	CIMP.L	0	1	MSS	COADREAD	T3	1 - right colon
TCGA-AA-3556	TCGA-AA-3556-01	Colorectal Adenocarcinoma	30	0.1326	LIVING	Male	1	MSI/CIMP	0	2b	1	CIMP.L	0	1	MSS	COADREAD	T2	3 - left colon
TCGA-AA-3558	TCGA-AA-3558-01	Colon Adenocarcinoma	95	0.1554	LIVING	Male	1	Invasive	0	2b	1	CIMP.L	0	1	MSS	COAD	T2	3 - left colon
TCGA-AA-3560	TCGA-AA-3560-01	Colon Adenocarcinoma	48	0.4374	LIVING	Female	1	CIN	0	3	1	Cluster3	0	1	MSS	COAD	T3	3 - left colon
TCGA-AA-3561	TCGA-AA-3561-01	Colon Adenocarcinoma	37	0.2301	LIVING	Male	1	Invasive	0	3	1	Cluster3	0	1	MSS	COAD	T3	1 - right colon
TCGA-AA-3562	TCGA-AA-3562-01	Colon Adenocarcinoma	32	0.3963	LIVING	Male	1	CIN	0	1	1	Cluster3	0	1	MSS	COAD	T3	3 - left colon
TCGA-AA-3664	TCGA-AA-3664-01	Colon Adenocarcinoma	125	0.2556	LIVING	Female	1	MSI/CIMP	0	2b	1	CIMP.H	1	1	MSS	COAD	T3	1 - right colon
TCGA-AA-3666	TCGA-AA-3666-01	Colon Adenocarcinoma	127	0.5738	DECEASED	Male	1	Invasive	0	3	1	Cluster4	0	1	MSS	COAD	T3	1 - right colon
TCGA-AA-3667	TCGA-AA-3667-01	Colon Adenocarcinoma	58	0.2932	LIVING	Female	1	CIN	0	1	1	Cluster4	0	1	MSI-L	COAD	T2	3 - left colon
TCGA-AA-3672	TCGA-AA-3672-01	Colon Adenocarcinoma	1362	0.0463	LIVING	Female	1	MSI/CIMP	1	2a	1	CIMP.H	1	1	MSI-H	COAD	T3	2 - transverse colon
TCGA-AA-3673	TCGA-AA-3673-01	Colon Adenocarcinoma	65	0.2291	LIVING	Female	1	Invasive	0	1	1	CIMP.L	0	1	MSS	COAD	T3	2 - transverse colon
TCGA-AA-3675	TCGA-AA-3675-01	Colon Adenocarcinoma		0.0556	LIVING	Male	1				1	CIMP.L	0	0	MSS	COAD	T3	1 - right colon
TCGA-AA-3678	TCGA-AA-3678-01	Colon Adenocarcinoma	60	0.2924	LIVING	Female	1	CIN	0	1	1	Cluster4	0	1	MSS	COAD	T2	3 - left colon
TCGA-AA-3679	TCGA-AA-3679-01	Colon Adenocarcinoma	55	0.5643	LIVING	Male	1	CIN	0	3	1	Cluster4	0	1	MSS	COAD	T3	3 - left colon
TCGA-AA-3680	TCGA-AA-3680-01	Colon Adenocarcinoma	91	0.1345	LIVING	Female	1	Invasive	0	2a	1	CIMP.L	0	1	MSI-L	COAD		1 - right colon
TCGA-AA-3681	TCGA-AA-3681-01	Colon Adenocarcinoma	95	0.3097	LIVING	Female	1	MSI/CIMP	0	2b	1	CIMP.L	0	1	MSS	COAD	T3	1 - right colon
TCGA-AA-3684	TCGA-AA-3684-01	Colorectal Adenocarcinoma	92	0.0160	LIVING	Female	1	MSI/CIMP	0	2a	1	CIMP.L	0	1	MSS	COADREAD		1 - right colon
TCGA-AA-3685	TCGA-AA-3685-01	Colon Adenocarcinoma	63	0.5316	LIVING	Male	1	Invasive	0		0	Cluster4	0	1	MSS	COAD	T3	3 - left colon
TCGA-AA-3688	TCGA-AA-3688-01	Colon Adenocarcinoma	52	0.3690	LIVING	Male	1	CIN	0	3	1	Cluster4	0	1	MSI-L	COAD	T3	3 - left colon
TCGA-AA-3692	TCGA-AA-3692-01	Colorectal Adenocarcinoma	52	0.2305	LIVING	Female	1	Invasive	0	1	1	Cluster4	0	1	MSI-L	COADREAD	T3	3 - left colon
TCGA-AA-3693	TCGA-AA-3693-01	Colon Adenocarcinoma	110	0.3546	LIVING	Female	1	CIN	0	3	1	Cluster4	0	1	MSS	COAD		3 - left colon
TCGA-AA-3695	TCGA-AA-3695-01	Colon Adenocarcinoma	132	0.4547	LIVING	Female	1	CIN	0		0	CIMP.L	0	1	MSS	COAD	T3	1 - right colon
TCGA-AA-3696	TCGA-AA-3696-01	Colon Adenocarcinoma	75	0.2657	LIVING	Female	1	CIN	0	2b	1	Cluster4	0	1	MSS	COAD	T3	3 - left colon
TCGA-AA-3710	TCGA-AA-3710-01	Colon Adenocarcinoma	967	0.0505	LIVING	Female	1	MSI/CIMP	1	2a	1	CIMP.H	1	1	MSI-H	COAD	T3	1 - right colon
TCGA-AA-3715	TCGA-AA-3715-01	Colon Adenocarcinoma	1482	0.0470	LIVING	Male	1	MSI/CIMP	1	2b	1	CIMP.H	1	1	MSI-H	COAD	T3	1 - right colon
TCGA-AA-3811	TCGA-AA-3811-01	Colon Adenocarcinoma	810	0.2961	LIVING	Female	0	MSI/CIMP	1		1	Cluster4	1	1	MSI-H	COAD	T3	1 - right colon
TCGA-AA-3812	TCGA-AA-3812-01	Colon Adenocarcinoma	80	0.0678	LIVING	Female	1	MSI/CIMP	0	2b	1	Cluster4	0	1	MSS	COAD	T3	3 - left colon
TCGA-AA-3814	TCGA-AA-3814-01	Colon Adenocarcinoma	78	0.1068	LIVING	Female	1	MSI/CIMP	0	3	1	Cluster3	0	1	MSS	COAD	T3	1 - right colon
TCGA-AA-3815	TCGA-AA-3815-01	Colon Adenocarcinoma			LIVING	Female	0	MSI/CIMP			1	CIMP.H	1	1	MSI-H	COAD	T3	1 - right colon
TCGA-AA-3818	TCGA-AA-3818-01	Colon Adenocarcinoma	102	0.1748	DECEASED	Female	1	Invasive	0	2b	1	CIMP.L	0	1	MSS	COAD	T3	1 - right colon
TCGA-AA-3819	TCGA-AA-3819-01	Colon Adenocarcinoma	137	0.1242	LIVING	Female	1	CIN	0	3	1	Cluster3	0	1	MSI-L	COAD	T3	3 - left colon
TCGA-AA-3821	TCGA-AA-3821-01	Colorectal Adenocarcinoma	633	0.0002	LIVING	Female	1	MSI/CIMP	1	2a	1	CIMP.H	1	1	MSI-H	COADREAD	T2	1 - right colon
TCGA-AA-3831	TCGA-AA-3831-01	Colon Adenocarcinoma	94	0.0012	LIVING	Male	1	Invasive	0	2a	1	CIMP.L	0	1	MSS	COAD	T3	3 - left colon
TCGA-AA-3833	TCGA-AA-3833-01	Colon Adenocarcinoma	382	0.0002	LIVING	Female	1	MSI/CIMP	1	2a	1	CIMP.H	1	1	MSI-H	COAD	T3	1 - right colon
TCGA-AA-3837	TCGA-AA-3837-01	Colorectal Adenocarcinoma	105	0.2128	LIVING	Male	1	CIN	0	2b	1	CIMP.H	0	1	MSS	COADREAD	T3	1 - right colon
TCGA-AA-3841	TCGA-AA-3841-01	Colon Adenocarcinoma		0.4617	LIVING	Male	1				1			0	MSS	COAD	T3	3 - left colon
TCGA-AA-3842	TCGA-AA-3842-01	Colon Adenocarcinoma	56	0.4471	LIVING	Male	1	MSI/CIMP	0	1	1	CIMP.L	0	1	MSS	COAD	T2	3 - left colon
TCGA-AA-3844	TCGA-AA-3844-01	Colon Adenocarcinoma	85	0.3323	LIVING	Female	0	Invasive	0		1	Cluster3	0	1	MSS	COAD	T3	3 - left colon
TCGA-AA-3845	TCGA-AA-3845-01	Colorectal Adenocarcinoma	661	0.0892	DECEASED	Female	1	MSI/CIMP	1	2a	1	CIMP.H	1	1	MSI-H	COADREAD	T3	1 - right colon
TCGA-AA-3846	TCGA-AA-3846-01	Colon Adenocarcinoma	69	0.3878	LIVING	Female	1	CIN	0	3	1	Cluster3	0	1	MSS	COAD	T3	3 - left colon
TCGA-AA-3848	TCGA-AA-3848-01	Colon Adenocarcinoma	104	0.1757	LIVING	Female	1	CIN	0	3	1	CIMP.L	0	1	MSS	COAD	T3	3 - left colon
TCGA-AA-3850	TCGA-AA-3850-01	Colon Adenocarcinoma	77	0.0010	DECEASED	Male	0	Invasive	0		1	CIMP.L	0	1	MSS	COAD	T2	2 - transverse colon
TCGA-AA-3851	TCGA-AA-3851-01	Colon Adenocarcinoma	71	0.4916	LIVING	Male	1	Invasive	0	1	1	Cluster3	0	1	MSS	COAD	T3	1 - right colon
TCGA-AA-3852	TCGA-AA-3852-01	Colorectal Adenocarcinoma	110	0.2282	DECEASED	Male	1	MSI/CIMP	0	2b	1	CIMP.L	0	1	MSI-L	COADREAD	T3	2 - transverse colon
TCGA-AA-3854	TCGA-AA-3854-01	Colorectal Adenocarcinoma	109	0.1273	LIVING	Female	1	Invasive	0	2b	1	CIMP.L	0	1	MSI-L	COADREAD	T2	3 - left colon
TCGA-AA-3855	TCGA-AA-3855-01	Colon Adenocarcinoma	105	0.3279	LIVING	Male	1	Invasive	0	3	1	CIMP.L	0	1	MSI-L	COAD	T2	3 - left colon
TCGA-AA-3856	TCGA-AA-3856-01	Colon Adenocarcinoma	49	0.3329	LIVING	Male	1	Invasive	0	1	1	Cluster4	0	1	MSS	COAD	T3	3 - left colon
TCGA-AA-3858	TCGA-AA-3858-01	Colon Adenocarcinoma	44	0.2739	LIVING	Male	1	CIN	0	1	1	Cluster3	0	1	MSS	COAD	T2	3 - left colon
TCGA-AA-3860	TCGA-AA-3860-01	Colon Adenocarcinoma	34	0.7704	LIVING	Female	1	MSI/CIMP	0	3	1	Cluster4	0	1	MSS	COAD	T3	3 - left colon
TCGA-AA-3861	TCGA-AA-3861-01	Colon Adenocarcinoma			LIVING	Male	0	Invasive			1	CIMP.L	0	1	MSI-L	COAD	T3	1 - right colon
TCGA-AA-3862	TCGA-AA-3862-01	Colon Adenocarcinoma			LIVING	Male	0	Invasive			1	Cluster4	0	1	MSS	COAD	T3	2 - transverse colon
TCGA-AA-3864	TCGA-AA-3864-01	Colon Adenocarcinoma	1940	0.0008	LIVING	Male	1	MSI/CIMP	1	2a	1	Cluster3	0	1	MSI-H	COAD	T3	1 - right colon
TCGA-AA-3866	TCGA-AA-3866-01	Colon Adenocarcinoma	90	0.3460	LIVING	Female	1	MSI/CIMP	0	3	1	Cluster3	0	1	MSI-L	COAD	T2	1 - right colon
TCGA-AA-3867	TCGA-AA-3867-01	Colon Adenocarcinoma	80	0.2456	LIVING	Male	0	CIN	0		1	Cluster4	0	1	MSS	COAD	T3	3 - left colon
TCGA-AA-3869	TCGA-AA-3869-01	Colon Adenocarcinoma	61	0.4115	LIVING	Male	1	Invasive	0	1	1	Cluster4	0	1	MSS	COAD		1 - right colon
TCGA-AA-3870	TCGA-AA-3870-01	Colon Adenocarcinoma	95	0.3140	LIVING	Female	1	MSI/CIMP	0	2b	1	CIMP.H	0	1	MSS	COAD	T3	1 - right colon
TCGA-AA-3872	TCGA-AA-3872-01	Colon Adenocarcinoma	46	0.4529	LIVING	Male	1	MSI/CIMP	0	1	1	Cluster4	0	1	MSS	COAD		3 - left colon
TCGA-AA-3875	TCGA-AA-3875-01	Colon Adenocarcinoma	100	0.0867	LIVING	Female	1	CIN	0	2b	1	Cluster3	0	1	MSS	COAD	T1	1 - right colon
TCGA-AA-3877	TCGA-AA-3877-01	Colorectal Adenocarcinoma	772	0.0559	LIVING	Female	1	MSI/CIMP	1	2a	1	CIMP.H	1	1	MSI-H	COADREAD	T1	2 - transverse colon
TCGA-AA-3930	TCGA-AA-3930-01	Colon Adenocarcinoma	114	0.3057	LIVING	Male	1	MSI/CIMP	0	2b	1	CIMP.L	0	1	MSI-L	COAD	T3	1 - right colon
TCGA-AA-3939	TCGA-AA-3939-01	Colon Adenocarcinoma	101	0.6133	LIVING	Male	1	Invasive	0	2b	1	Cluster3	0	1	MSS	COAD	T3	1 - right colon
TCGA-AA-3941	TCGA-AA-3941-01	Colon Adenocarcinoma	93	0.4169	LIVING	Female	0	Invasive	0		1	CIMP.H	0	1	MSI-L	COAD		1 - right colon
TCGA-AA-3947	TCGA-AA-3947-01	Colorectal Adenocarcinoma	1229	0.0014	LIVING	Female	1	MSI/CIMP	1	2a	1	CIMP.H	1	1	MSI-H	COADREAD		1 - right colon
TCGA-AA-3949	TCGA-AA-3949-01	Colorectal Adenocarcinoma	658	0.0004	LIVING	Female	1	MSI/CIMP	1	2a	1	CIMP.H	1	1	MSI-H	COADREAD	T3	1 - right colon
TCGA-AA-3950	TCGA-AA-3950-01	Colorectal Adenocarcinoma		0.1008	LIVING	Female	1	MSI/CIMP			1	CIMP.H	1	1	MSI-H	COADREAD	T3	1 - right colon
TCGA-AA-3952	TCGA-AA-3952-01	Colon Adenocarcinoma	64	0.3808	DECEASED	Male	1	MSI/CIMP	0	2b	1	Cluster4	0	1	MSS	COAD	T3	3 - left colon
TCGA-AA-3955	TCGA-AA-3955-01	Colon Adenocarcinoma	99	0.3101	LIVING	Male	1	CIN	0	3	1	Cluster4	0	1	MSS	COAD	T2	3 - left colon
TCGA-AA-3956	TCGA-AA-3956-01	Colon Adenocarcinoma	108	0.1821	LIVING	Male	1	CIN	0	1	1	Cluster3	0	1	MSS	COAD	T3	1 - right colon
TCGA-AA-3966	TCGA-AA-3966-01	Colorectal Adenocarcinoma	901	0.2030	LIVING	Female	1	MSI/CIMP	1	2b	1	CIMP.L	1	1	MSI-H	COADREAD	T3	1 - right colon
TCGA-AA-3968	TCGA-AA-3968-01	Colon Adenocarcinoma		0.5075	LIVING	Female	1	CIN			1	Cluster3	0	1	MSS	COAD	T2	3 - left colon
TCGA-AA-3970	TCGA-AA-3970-01	Colon Adenocarcinoma			LIVING	Male	0				1	Cluster3	0	0	MSS	COAD	T3	3 - left colon
TCGA-AA-3971	TCGA-AA-3971-01	Colon Adenocarcinoma	60	0.4059	LIVING	Male	1	CIN	0	1	1	Cluster4	0	1	MSS	COAD	T3	3 - left colon
TCGA-AA-3972	TCGA-AA-3972-01	Colon Adenocarcinoma	84	0.4502	LIVING	Male	1	CIN	0	3	1	CIMP.L	0	1	MSI-L	COAD	T3	3 - left colon
TCGA-AA-3973	TCGA-AA-3973-01	Colon Adenocarcinoma	68	0.1952	LIVING	Male	1	CIN	0	3	1	Cluster4	0	1	MSI-L	COAD		3 - left colon
TCGA-AA-3975	TCGA-AA-3975-01	Colon Adenocarcinoma	99	0.2591	LIVING	Male	1	CIN	0	1	1	Cluster4	0	1	MSS	COAD	T2	3 - left colon
TCGA-AA-3976	TCGA-AA-3976-01	Colon Adenocarcinoma	68	0.4991	LIVING	Male	1	CIN	0	1	1	Cluster3	0	1	MSS	COAD	T2	3 - left colon
TCGA-AA-3977	TCGA-AA-3977-01	Colon Adenocarcinoma	2916	0.0008	LIVING	Male	1	MSI/CIMP	1	2a	1	Cluster3	0	1	MSS	COAD	T2	3 - left colon
TCGA-AA-3979	TCGA-AA-3979-01	Colon Adenocarcinoma	116	0.2946	LIVING	Male	1	Invasive	0	1	1	CIMP.L	0	1	MSS	COAD	T3	3 - left colon
TCGA-AA-3980	TCGA-AA-3980-01	Colon Adenocarcinoma	79		LIVING	Female	0	Invasive	0		1	Cluster3	0	1	MSS	COAD	T2	3 - left colon
TCGA-AA-3982	TCGA-AA-3982-01	Colon Adenocarcinoma	85	0.1341	LIVING	Male	0	CIN	0		1	Cluster3	0	1	MSI-L	COAD	T3	3 - left colon
TCGA-AA-3984	TCGA-AA-3984-01	Colon Adenocarcinoma	3189	0.1573	LIVING	Female	1	Invasive	1	2b	1	Cluster4	0	1	MSS	COAD	T3	3 - left colon
TCGA-AA-3986	TCGA-AA-3986-01	Colon Adenocarcinoma	59	0.0551	LIVING	Male	1	Invasive	0	2b	1	Cluster3	0	1	MSS	COAD	T2	2 - transverse colon
TCGA-AA-3989	TCGA-AA-3989-01	Colon Adenocarcinoma	96	0.2031	LIVING	Male	1	Invasive	0	3	1	CIMP.L	0	1	MSS	COAD	T3	2 - transverse colon
TCGA-AA-3994	TCGA-AA-3994-01	Colorectal Adenocarcinoma	143	0.2117	LIVING	Male	1	MSI/CIMP	0	2a	1	CIMP.H	0	1	MSS	COADREAD	T3	2 - transverse colon
TCGA-AA-A004	TCGA-AA-A004-01	Colon Adenocarcinoma	55	0.3077	LIVING	Male	1	MSI/CIMP	0	1	1	CIMP.L	0	1	MSI-L	COAD	T3	3 - left colon
TCGA-AA-A00A	TCGA-AA-A00A-01	Colon Adenocarcinoma	324	0.0122	LIVING	Male	1	MSI/CIMP	1	2a	1	CIMP.H	0	1	MSI-H	COAD	T3	1 - right colon
TCGA-AA-A00D	TCGA-AA-A00D-01	Colon Adenocarcinoma	56	0.1967	LIVING	Male	1	MSI/CIMP	0	1	1	CIMP.H	0	1	MSS	COAD	T2	1 - right colon
TCGA-AA-A00E	TCGA-AA-A00E-01	Colon Adenocarcinoma	472	0.0216	LIVING	Male	1	MSI/CIMP	1	2a	1	CIMP.H	1	1	MSI-H	COAD	T3	1 - right colon
TCGA-AA-A00F	TCGA-AA-A00F-01	Colon Adenocarcinoma	31	0.5739	LIVING	Male	1	CIN	0	3	1	Cluster3	0	1	MSS	COAD	T3	3 - left colon
TCGA-AA-A00J	TCGA-AA-A00J-01	Colorectal Adenocarcinoma	803	0.0444	LIVING	Male	1	MSI/CIMP	1	2a	1	CIMP.H	1	1	MSI-H	COADREAD		1 - right colon
TCGA-AA-A00K	TCGA-AA-A00K-01	Colon Adenocarcinoma	96	0.1388	LIVING	Male	1	Invasive	0	2b	1	Cluster3	0	1	MSI-L	COAD	T3	3 - left colon
TCGA-AA-A00L	TCGA-AA-A00L-01	Colon Adenocarcinoma	47	0.1802	LIVING	Male	1	CIN	0	3	1	Cluster3	0	1	MSS	COAD	T3	2 - transverse colon
TCGA-AA-A00N	TCGA-AA-A00N-01	Colorectal Adenocarcinoma	3499	0.0007	DECEASED	Male	1	MSI/CIMP	1	2a	1	Cluster4	0	1	MSI-L	COADREAD		1 - right colon
TCGA-AA-A00O	TCGA-AA-A00O-01	Colon Adenocarcinoma	61	0.1944	LIVING	Female	1	CIN	0	3	1	Cluster4	0	1	MSI-L	COAD	T3	3 - left colon
TCGA-AA-A00Q	TCGA-AA-A00Q-01	Colon Adenocarcinoma	24	0.2482	LIVING	Female	1	CIN	0	3	1	CIMP.L	0	1	MSS	COAD		3 - left colon
TCGA-AA-A00R	TCGA-AA-A00R-01	Colon Adenocarcinoma	304	0.0712	LIVING	Female	1	MSI/CIMP	1	2b	1	CIMP.L	1	1	MSI-H	COAD	T2	1 - right colon
TCGA-AA-A00U	TCGA-AA-A00U-01	Colon Adenocarcinoma	67	0.1412	LIVING	Male	1	Invasive	0	1	1	CIMP.L	0	1	MSS	COAD	T3	1 - right colon
TCGA-AA-A00W	TCGA-AA-A00W-01	Colon Adenocarcinoma	22	0.1540	LIVING	Male	1	Invasive	0	3	1	Cluster3	0	1	MSS	COAD	T1	3 - left colon
TCGA-AA-A00Z	TCGA-AA-A00Z-01	Colon Adenocarcinoma	29	0.1737	LIVING	Male	1	CIN	0	3	1	Cluster4	0	1	MSS	COAD	T3	3 - left colon
TCGA-AA-A010	TCGA-AA-A010-01	Colon Adenocarcinoma	6553	0.0056	LIVING	Female	1	MSI/CIMP	1	2a	1	Cluster4	0	1	MSI-L	COAD		2 - transverse colon
TCGA-AA-A017	TCGA-AA-A017-01	Colon Adenocarcinoma	49	0.2310	LIVING	Female	1	CIN	0	1	1	Cluster4	0	1	MSS	COAD	T3	3 - left colon
TCGA-AA-A01C	TCGA-AA-A01C-01	Colon Adenocarcinoma		0.4230	LIVING	Male	1	CIN			0	Cluster4	0	1	MSS	COAD	T2	1 - right colon
TCGA-AA-A01D	TCGA-AA-A01D-01	Colorectal Adenocarcinoma	121	0.2620	LIVING	Female	1	MSI/CIMP	0	2b	1	CIMP.L	0	1	MSS	COADREAD	T3	3 - left colon
TCGA-AA-A01F	TCGA-AA-A01F-01	Colon Adenocarcinoma	48	0.5492	LIVING	Male	1	CIN	0	3	1	Cluster3	0	1	MSS	COAD	T3	3 - left colon
TCGA-AA-A01G	TCGA-AA-A01G-01	Colorectal Adenocarcinoma	51	0.1787	LIVING	Male	1	Invasive	0	1	1	CIMP.L	0	1	MSI-L	COADREAD	T3	1 - right colon
TCGA-AA-A01I	TCGA-AA-A01I-01	Colon Adenocarcinoma	81	0.2417	LIVING	Male	1	Invasive	0	2b	1	CIMP.L	0	1	MSS	COAD	T2	3 - left colon
TCGA-AA-A01K	TCGA-AA-A01K-01	Colon Adenocarcinoma	119	0.3157	LIVING	Female	1	MSI/CIMP	0	1	1	Cluster3	0	1	MSS	COAD	T3	3 - left colon
TCGA-AA-A01P	TCGA-AA-A01P-01	Colon Adenocarcinoma	389	0.0003	DECEASED	Female	1		1	2a	1	CIMP.H	1	0	MSI-H	COAD	T3	1 - right colon
TCGA-AA-A01Q	TCGA-AA-A01Q-01	Colon Adenocarcinoma	595	0.0462	LIVING	Female	1	MSI/CIMP	1	2a	1	CIMP.L	0	1	MSI-H	COAD	T3	1 - right colon
TCGA-AA-A01R	TCGA-AA-A01R-01	Colorectal Adenocarcinoma	1230	0.0832	LIVING	Male	1		1	2a	1	CIMP.L	0	0	MSI-H	COADREAD	T3	1 - right colon
TCGA-AA-A01S	TCGA-AA-A01S-01	Colon Adenocarcinoma	44	0.2205	LIVING	Female	1		0	1	1	Cluster4	1	0	MSI-L	COAD	T3	3 - left colon
TCGA-AA-A01T	TCGA-AA-A01T-01	Colon Adenocarcinoma	74	0.3861	LIVING	Female	1		0		0	Cluster3	0	0	MSS	COAD	T3	3 - left colon
TCGA-AA-A01V	TCGA-AA-A01V-01	Colon Adenocarcinoma	91	0.0001	LIVING	Male	1		0	2a	1	CIMP.L	0	0	MSS	COAD	T2	1 - right colon
TCGA-AA-A01X	TCGA-AA-A01X-01	Colon Adenocarcinoma	47	0.5220	LIVING	Female	1		0	3	1	Cluster3	0	0	MSS	COAD	T2	3 - left colon
TCGA-AA-A01Z	TCGA-AA-A01Z-01	Colon Adenocarcinoma	77	0.1752	LIVING	Male	1		0	1	1	CIMP.L	0	0	MSS	COAD	T3	1 - right colon
TCGA-AA-A022	TCGA-AA-A022-01	Colon Adenocarcinoma	910	0.1452	LIVING	Female	1		1		0	CIMP.H	1	0	MSI-H	COAD		1 - right colon
TCGA-AA-A024	TCGA-AA-A024-01	Colorectal Adenocarcinoma	58	0.0006	DECEASED	Male	1	Invasive	0	2a	1	Cluster3	0	1	MSI-L	COADREAD	T3	3 - left colon
TCGA-AA-A029	TCGA-AA-A029-01	Colon Adenocarcinoma	82	0.2676	LIVING	Male	1	Invasive	0	2b	1	CIMP.H	0	1	MSI-L	COAD	T3	1 - right colon
TCGA-AA-A02E	TCGA-AA-A02E-01	Colon Adenocarcinoma		0.5898	DECEASED	Female	1	CIN			1	Cluster3	0	1	MSI-L	COAD	T3	1 - right colon
TCGA-AA-A02F	TCGA-AA-A02F-01	Colon Adenocarcinoma	46	0.5801	LIVING	Female	1	CIN	0	3	1	Cluster4	0	1	MSS	COAD	T3	3 - left colon
TCGA-AA-A02H	TCGA-AA-A02H-01	Colon Adenocarcinoma	57	0.4195	DECEASED	Female	1	CIN	0	3	1	Cluster3	0	1	MSS	COAD	T3	3 - left colon
TCGA-AA-A02J	TCGA-AA-A02J-01	Colon Adenocarcinoma	104	0.1843	DECEASED	Female	1	CIN	0	1	1	Cluster4	0	1	MSS	COAD	T3	3 - left colon
TCGA-AA-A02K	TCGA-AA-A02K-01	Colon Adenocarcinoma			DECEASED	Male	0				0	Cluster3	0	0	MSS	COAD		1 - right colon
TCGA-AA-A02O	TCGA-AA-A02O-01	Colon Adenocarcinoma	136	0.2498	LIVING	Male	1		0		0	CIMP.H	0	0	MSS	COAD	T3	2 - transverse colon
TCGA-AA-A02R	TCGA-AA-A02R-01	Colon Adenocarcinoma		0.0464	DECEASED	Female	1	MSI/CIMP			0	CIMP.H	1	1	MSI-H	COAD	T3	1 - right colon
TCGA-AA-A02W	TCGA-AA-A02W-01	Colon Adenocarcinoma	88	0.4626	LIVING	Female	1	CIN	0	1	1	Cluster4	0	1	MSI-L	COAD	T2	3 - left colon
TCGA-AA-A02Y	TCGA-AA-A02Y-01	Colon Adenocarcinoma	102	0.1905	LIVING	Male	1		0		0	CIMP.L	0	0	MSS	COAD	T2	1 - right colon
TCGA-AA-A03F	TCGA-AA-A03F-01	Colorectal Adenocarcinoma	103	0.0000	DECEASED	Female	1		0		0	CIMP.H	0	0	MSS	COADREAD	T3	1 - right colon
TCGA-AA-A03J	TCGA-AA-A03J-01	Colon Adenocarcinoma	65	0.4677	LIVING	Female	1		0		0	CIMP.L	0	0	MSS	COAD	T2	3 - left colon
TCGA-AF-2689	TCGA-AF-2689-01	Rectal Adenocarcinoma	46	0.4330	LIVING	Female	1	CIN	0		1	CIMP.L	0	1	MSS	READ	T3	4 - rectum
TCGA-AF-2691	TCGA-AF-2691-01	Rectal Adenocarcinoma	57	0.1282	LIVING	Female	1	Invasive	0		1	CIMP.L	0	1	MSS	READ	T1	4 - rectum
TCGA-AF-2692	TCGA-AF-2692-01	Colorectal Adenocarcinoma	31	0.4873	LIVING	Female	1	CIN	0		1	Cluster4	0	1	MSS	COADREAD	T3	4 - rectum
TCGA-AF-3400	TCGA-AF-3400-01	Colorectal Adenocarcinoma	22	0.0601	LIVING	Male	1	MSI/CIMP	0		0	Cluster4	0	1	MSS	COADREAD	T3	4 - rectum
TCGA-AF-3913	TCGA-AF-3913-01	Rectal Adenocarcinoma	83	0.3578	DECEASED	Male	1	CIN	0	1	1	Cluster4	0	1	MSS	READ	T3	4 - rectum
TCGA-AG-3574	TCGA-AG-3574-01	Rectal Adenocarcinoma	31	0.2278	LIVING	Female	1	CIN	0		0	Cluster3	0	1	MSS	READ	T3	4 - rectum
TCGA-AG-3575	TCGA-AG-3575-01	Rectal Adenocarcinoma	42	0.1788	LIVING	Male	1	MSI/CIMP	0		0	CIMP.H	0	1	MSS	READ	T3	4 - rectum
TCGA-AG-3578	TCGA-AG-3578-01	Colorectal Adenocarcinoma	25	0.4708	LIVING	Female	1	Invasive	0		0	Cluster3	0	1	MSS	COADREAD	T3	4 - rectum
TCGA-AG-3580	TCGA-AG-3580-01	Rectal Adenocarcinoma	31	0.0353	LIVING	Male	1	Invasive	0		0	Cluster3	0	1	MSS	READ	T1	4 - rectum
TCGA-AG-3581	TCGA-AG-3581-01	Rectal Adenocarcinoma	36	0.2427	LIVING	Male	1	Invasive	0	3	1	Cluster3	0	1	MSS	READ	T2	4 - rectum
TCGA-AG-3582	TCGA-AG-3582-01	Rectal Adenocarcinoma	29	0.4110	LIVING	Male	1	CIN	0	1	1	Cluster4	0	1	MSS	READ	T3	4 - rectum
TCGA-AG-3583	TCGA-AG-3583-01	Colorectal Adenocarcinoma	47	0.2426	LIVING	Male	1	Invasive	0	3	1	Cluster4	0	1	MSI-L	COADREAD	T3	4 - rectum
TCGA-AG-3584	TCGA-AG-3584-01	Rectal Adenocarcinoma	28	0.4099	LIVING	Male	1	CIN	0	1	1	CIMP.L	0	1	MSS	READ	T3	4 - rectum
TCGA-AG-3586	TCGA-AG-3586-01	Colorectal Adenocarcinoma	39	0.1330	LIVING	Female	1	Invasive	0	2b	1	Cluster3	0	1	MSS	COADREAD	T3	4 - rectum
TCGA-AG-3587	TCGA-AG-3587-01	Rectal Adenocarcinoma	52	0.3226	LIVING	Male	1	Invasive	0	1	1	Cluster4	0	1	MSS	READ	T2	4 - rectum
TCGA-AG-3593	TCGA-AG-3593-01	Rectal Adenocarcinoma	58	0.4804	LIVING	Female	1	CIN	0	3	1	Cluster3	0	1	MSS	READ	T3	4 - rectum
TCGA-AG-3594	TCGA-AG-3594-01	Colorectal Adenocarcinoma	31	0.2990	LIVING	Male	1	MSI/CIMP	0	2b	0	Cluster3	0	1	MSS	COADREAD	T3	4 - rectum
TCGA-AG-3598	TCGA-AG-3598-01	Rectal Adenocarcinoma	55	0.1909	LIVING	Male	1	Invasive	0	1	1	CIMP.L	0	1	MSS	READ	T3	4 - rectum
TCGA-AG-3599	TCGA-AG-3599-01	Colorectal Adenocarcinoma	54	0.0382	LIVING	Male	1	Invasive	0	2b	1	CIMP.L	0	1	MSS	COADREAD	T2	4 - rectum
TCGA-AG-3600	TCGA-AG-3600-01	Rectal Adenocarcinoma	76	0.6084	LIVING	Male	1	MSI/CIMP	0	1	1	CIMP.H	0	1	MSS	READ	T3	4 - rectum
TCGA-AG-3601	TCGA-AG-3601-01	Rectal Adenocarcinoma	78	0.4585	LIVING	Male	1	CIN	0	1	1	Cluster4	0	1	MSI-L	READ		4 - rectum
TCGA-AG-3602	TCGA-AG-3602-01	Rectal Adenocarcinoma	35	0.2499	LIVING	Female	1	Invasive	0	3	1	Cluster3	0	1	MSS	READ	T3	4 - rectum
TCGA-AG-3605	TCGA-AG-3605-01	Rectal Adenocarcinoma	40	0.1912	LIVING	Female	1	Invasive	0	2b	1	CIMP.L	0	1	MSS	READ	T3	4 - rectum
TCGA-AG-3608	TCGA-AG-3608-01	Rectal Adenocarcinoma	44	0.1306	LIVING	Female	1	Invasive	0	3	1	CIMP.L	0	1	Not Evaluable	READ	T3	4 - rectum
TCGA-AG-3609	TCGA-AG-3609-01	Rectal Adenocarcinoma	63	0.7741	LIVING	Female	1	MSI/CIMP	0	3	1	Cluster4	0	1	MSS	READ	T3	4 - rectum
TCGA-AG-3611	TCGA-AG-3611-01	Rectal Adenocarcinoma	40	0.6328	LIVING	Male	1	Invasive	0	3	1	Cluster3	0	1	MSS	READ	T3	4 - rectum
TCGA-AG-3612	TCGA-AG-3612-01	Rectal Adenocarcinoma	50	0.4729	LIVING	Female	1	CIN	0	1	1	Cluster4	0	1	MSS	READ	T3	4 - rectum
TCGA-AG-3726	TCGA-AG-3726-01	Rectal Adenocarcinoma	110	0.2224	LIVING	Female	1	CIN	0	1	1	Cluster3	0	1	MSS	READ	T2	4 - rectum
TCGA-AG-3727	TCGA-AG-3727-01	Rectal Adenocarcinoma	69	0.1934	LIVING	Female	1	CIN	0	3	1	Cluster3	0	1	MSS	READ	T3	4 - rectum
TCGA-AG-3728	TCGA-AG-3728-01	Rectal Adenocarcinoma		0.4891	LIVING	Male	1	MSI/CIMP			0	Cluster4	0	1	MSS	READ	T3	4 - rectum
TCGA-AG-3878	TCGA-AG-3878-01	Rectal Adenocarcinoma	67	0.0000	LIVING	Male	1	MSI/CIMP	0	2a	1	CIMP.L	0	1	MSS	READ	T2	4 - rectum
TCGA-AG-3881	TCGA-AG-3881-01	Colorectal Adenocarcinoma	77	0.3911	LIVING	Female	1	MSI/CIMP	0	2b	0	CIMP.L	0	1	MSS	COADREAD	T3	4 - rectum
TCGA-AG-3882	TCGA-AG-3882-01	Rectal Adenocarcinoma	52	0.3860	LIVING	Female	1	CIN	0	3	1	Cluster4	0	1	MSS	READ	T2	4 - rectum
TCGA-AG-3883	TCGA-AG-3883-01	Rectal Adenocarcinoma	93	0.4700	LIVING	Male	1	MSI/CIMP	0	1	1	Cluster3	0	1	MSS	READ	T2	4 - rectum
TCGA-AG-3885	TCGA-AG-3885-01	Rectal Adenocarcinoma		0.3742	LIVING	Female	1	Invasive			0	CIMP.L	0	1	MSS	READ	T3	4 - rectum
TCGA-AG-3887	TCGA-AG-3887-01	Colorectal Adenocarcinoma	59	0.1855	LIVING	Male	1	CIN	0	1	1	Cluster4	0	1	MSS	COADREAD	T3	4 - rectum
TCGA-AG-3890	TCGA-AG-3890-01	Rectal Adenocarcinoma	61	0.2781	LIVING	Male	1	CIN	0	3	1	Cluster3	0	1	MSS	READ	T2	4 - rectum
TCGA-AG-3892	TCGA-AG-3892-01	Rectal Adenocarcinoma	1808	0.0003	LIVING	Female	1	Invasive	1	2a	1	Cluster4	0	1	MSS	READ	T1	4 - rectum
TCGA-AG-3893	TCGA-AG-3893-01	Rectal Adenocarcinoma	86	0.2903	LIVING	Male	1	CIN	0	3	1	Cluster4	0	1	MSS	READ	T3	4 - rectum
TCGA-AG-3894	TCGA-AG-3894-01	Rectal Adenocarcinoma	77	0.0548	LIVING	Male	1	CIN	0	2b	1	Cluster3	0	1	MSS	READ	T3	4 - rectum
TCGA-AG-3896	TCGA-AG-3896-01	Rectal Adenocarcinoma	79	0.1588	LIVING	Female	1	CIN	0	3	1	Cluster3	0	1	MSS	READ	T2	4 - rectum
TCGA-AG-3898	TCGA-AG-3898-01	Rectal Adenocarcinoma	78	0.3854	LIVING	Male	1	CIN	0	3	1	Cluster3	0	1	MSS	READ	T3	4 - rectum
TCGA-AG-3901	TCGA-AG-3901-01	Colorectal Adenocarcinoma	47	0.0817	LIVING	Female	1	MSI/CIMP	0	2a	1	Cluster3	0	1	MSS	COADREAD	T3	4 - rectum
TCGA-AG-3902	TCGA-AG-3902-01	Rectal Adenocarcinoma	102	0.2552	LIVING	Male	1	MSI/CIMP	0	2b	0	CIMP.L	0	1	MSS	READ	T3	4 - rectum
TCGA-AG-3909	TCGA-AG-3909-01	Rectal Adenocarcinoma	73	0.3082	LIVING	Female	1	CIN	0	3	1	Cluster3	0	1	MSS	READ	T3	4 - rectum
TCGA-AG-3999	TCGA-AG-3999-01	Rectal Adenocarcinoma	78	0.5863		Female	1	CIN	0	1	1	Cluster3	0	1	MSS	READ	T3	4 - rectum
TCGA-AG-4001	TCGA-AG-4001-01	Rectal Adenocarcinoma	89	0.2458	LIVING	Female	1	CIN	0	3	1	Cluster4	0	1	MSI-L	READ	T3	4 - rectum
TCGA-AG-4005	TCGA-AG-4005-01	Rectal Adenocarcinoma	80	0.4102	LIVING	Male	1	CIN	0	1	1	Cluster3	0	1	MSS	READ	T3	4 - rectum
TCGA-AG-4007	TCGA-AG-4007-01	Rectal Adenocarcinoma	128	0.2265	LIVING	Male	0	CIN	0		0	CIMP.L	0	1	MSI-L	READ		4 - rectum
TCGA-AG-4008	TCGA-AG-4008-01	Rectal Adenocarcinoma	63	0.2393	LIVING	Male	1	CIN	0	1	1	Cluster3	0	1	MSS	READ	T3	4 - rectum
TCGA-AG-4015	TCGA-AG-4015-01	Rectal Adenocarcinoma	77	0.5071	LIVING	Female	1	CIN	0	1	1	Cluster4	0	1	MSS	READ	T3	4 - rectum
TCGA-AG-A002	TCGA-AG-A002-01	Rectal Adenocarcinoma	9903	0.0005	LIVING	Male	1	MSI/CIMP	1	2a	1	Cluster3	0	1	MSS	READ	T2	4 - rectum
TCGA-AG-A008	TCGA-AG-A008-01	Colorectal Adenocarcinoma	41	0.7260	LIVING	Female	1	Invasive	0	3	1	Cluster4	0	1	MSS	COADREAD	T2	4 - rectum
TCGA-AG-A00C	TCGA-AG-A00C-01	Rectal Adenocarcinoma	52	0.1200	LIVING	Female	1	Invasive	0	3	1	Cluster3	0	1	MSS	READ	T3	4 - rectum
TCGA-AG-A00H	TCGA-AG-A00H-01	Rectal Adenocarcinoma	53	0.2629	LIVING	Male	1	Invasive	0	1	1	Cluster4	0	1	MSS	READ	T3	4 - rectum
TCGA-AG-A00Y	TCGA-AG-A00Y-01	Rectal Adenocarcinoma	82	0.2973	LIVING	Male	0	Invasive	0		0	Cluster3	0	1	MSS	READ	T3	4 - rectum
TCGA-AG-A011	TCGA-AG-A011-01	Rectal Adenocarcinoma	89	0.3248	LIVING	Male	1	Invasive	0	1	1	CIMP.L	0	1	MSS	READ	T3	4 - rectum
TCGA-AG-A014	TCGA-AG-A014-01	Rectal Adenocarcinoma	106	0.4536	LIVING	Male	1	CIN	0	1	1	Cluster4	0	1	MSS	READ	T2	4 - rectum
TCGA-AG-A015	TCGA-AG-A015-01	Rectal Adenocarcinoma	54	0.9472	LIVING	Female	1	Invasive	0	3	1	Cluster3	0	1	MSS	READ	T1	4 - rectum
TCGA-AG-A016	TCGA-AG-A016-01	Rectal Adenocarcinoma	40	0.7687	LIVING	Male	1	CIN	0	1	1	Cluster3	0	1	MSS	READ	T3	4 - rectum
TCGA-AG-A01J	TCGA-AG-A01J-01	Rectal Adenocarcinoma		0.1856	LIVING	Female	1	CIN			0	Cluster4	0	1	MSS	READ	T3	4 - rectum
TCGA-AG-A01L	TCGA-AG-A01L-01	Rectal Adenocarcinoma	61	0.3084	LIVING	Male	1	Invasive	0	3	1	Cluster3	0	1	MSS	READ	T3	4 - rectum
TCGA-AG-A01N	TCGA-AG-A01N-01	Rectal Adenocarcinoma		0.3290	LIVING	Female	1	CIN			0	Cluster4	0	1	MSS	READ	T2	4 - rectum
TCGA-AG-A01W	TCGA-AG-A01W-01	Rectal Adenocarcinoma	98	0.5073	LIVING	Female	1		0		0			0	MSS	READ	T3	4 - rectum
TCGA-AG-A01Y	TCGA-AG-A01Y-01	Rectal Adenocarcinoma	68	0.3297	LIVING	Female	1		0		0			0	MSS	READ	T3	4 - rectum
TCGA-AG-A020	TCGA-AG-A020-01	Colorectal Adenocarcinoma	60	0.1809	LIVING	Female	1		0		0			0	MSS	COADREAD	T3	4 - rectum
TCGA-AG-A023	TCGA-AG-A023-01	Rectal Adenocarcinoma		0.2104	DECEASED	Female	1	MSI/CIMP			0	Cluster4	0	1	MSS	READ		4 - rectum
TCGA-AG-A025	TCGA-AG-A025-01	Rectal Adenocarcinoma	67	0.0333	LIVING	Female	1	Invasive	0	2a	1	Cluster3	0	1	MSS	READ	T1	4 - rectum
TCGA-AG-A026	TCGA-AG-A026-01	Rectal Adenocarcinoma	171	0.4292	DECEASED	Male	1		0	1	1	Cluster3	0	0	MSS	READ		4 - rectum
TCGA-AG-A02G	TCGA-AG-A02G-01	Rectal Adenocarcinoma	41	0.4973	DECEASED	Male	1	CIN	0	3	1	Cluster4	0	1	MSS	READ	T2	4 - rectum
TCGA-AG-A02N	TCGA-AG-A02N-01	Rectal Adenocarcinoma	909	0.0980	LIVING	Male	1		1		0			0	MSI-H	READ	T3	4 - rectum
TCGA-AG-A02X	TCGA-AG-A02X-01	Rectal Adenocarcinoma	98	0.9653	LIVING	Male	1	Invasive	0	3	1	CIMP.H	0	1	MSS	READ	T2	4 - rectum
TCGA-AG-A032	TCGA-AG-A032-01	Rectal Adenocarcinoma	61	0.4336	LIVING	Male	1	CIN	0	3	1	Cluster4	0	1	MSS	READ	T3	4 - rectum
TCGA-AG-A036	TCGA-AG-A036-01	Rectal Adenocarcinoma	109		LIVING	Male	0		0		0			0	MSS	READ	T3	4 - rectum
TCGA-AY-4070	TCGA-AY-4070-01	Colon Adenocarcinoma	90	0.3407	DECEASED	Female	1	CIN	0	1	1	Cluster3	0	1	MSS	COAD	T3	1 - right colon
TCGA-AY-4071	TCGA-AY-4071-01	Colorectal Adenocarcinoma	83	0.3320	DECEASED	Female	1	CIN	0	3	1	Cluster3	0	1	MSS	COADREAD	T1	
TCGA-AZ-4308	TCGA-AZ-4308-01	Colon Adenocarcinoma		0.1974	LIVING	Female	1				0			0	MSS	COAD	T3	3 - left colon
TCGA-AZ-4313	TCGA-AZ-4313-01	Colon Adenocarcinoma		0.1381	LIVING	Female	1							0	MSI-H	COAD	T1	1 - right colon
TCGA-AZ-4315	TCGA-AZ-4315-01	Colon Adenocarcinoma		0.0013	LIVING	Male	1							0	MSS	COAD	T3	1 - right colon
TCGA-AZ-4614	TCGA-AZ-4614-01	Colon Adenocarcinoma		0.3669	DECEASED	Female	1							0	MSI-L	COAD	T4a	
TCGA-AZ-4615	TCGA-AZ-4615-01	Colon Adenocarcinoma		0.0587	LIVING	Male	1							0	MSI-H	COAD	T3	
TCGA-AZ-4681	TCGA-AZ-4681-01	Colon Adenocarcinoma		0.2380	LIVING	Female	1							0	MSS	COAD	T3	1 - right colon
TCGA-AZ-4682	TCGA-AZ-4682-01	Colon Adenocarcinoma		0.3540	DECEASED	Male	1							0	MSS	COAD	T3	3 - left colon
TCGA-AZ-4684	TCGA-AZ-4684-01	Colon Adenocarcinoma		0.2936	LIVING	Male	1							0	MSI-L	COAD	T3	
TCGA-CA-5256	TCGA-CA-5256-01	Colon Adenocarcinoma		0.4695	LIVING	Female	1							0	MSS	COAD	T3	1 - right colon
TCGA-CK-4951	TCGA-CK-4951-01	Colorectal Adenocarcinoma		0.0026	LIVING	Female	1							0	MSI-H	COADREAD	T3	1 - right colon
TCGA-CM-4744	TCGA-CM-4744-01	Colon Adenocarcinoma		0.1898	LIVING	Male	1							0	MSS	COAD	T2	1 - right colon
TCGA-CM-4746	TCGA-CM-4746-01	Colon Adenocarcinoma		0.1196	LIVING	Male	1							0	MSI-H	COAD	T2	3 - left colon
TCGA-CM-4747	TCGA-CM-4747-01	Colon Adenocarcinoma		0.4449	LIVING	Male	1							0	MSI-L	COAD	T4a	1 - right colon
TCGA-CM-4748	TCGA-CM-4748-01	Colon Adenocarcinoma		0.0119	LIVING	Male	1							0	MSS	COAD	T4a	2 - transverse colon
TCGA-CM-4750	TCGA-CM-4750-01	Colon Adenocarcinoma		0.2858	LIVING	Female	1							0	MSI-L	COAD	T1	
TCGA-CM-4752	TCGA-CM-4752-01	Colon Adenocarcinoma		0.4029	LIVING	Male	1							0	MSS	COAD	T3	1 - right colon
TCGA-CM-5341	TCGA-CM-5341-01	Colon Adenocarcinoma		0.2701	LIVING	Female	1							0	MSS	COAD	T2	3 - left colon
