Study ID	Patient ID	Sample ID	Diagnosis Age	Cancer Type	Cancer Type Detailed	CNA Cluster K4	CNA Data	Data Core Sample	Disease Free (Months)	Disease Free Status	Fraction Genome Altered	Neoplasm Histologic Grade	Tumor Other Histologic Subtype	MAF Data	Methylation Cluster	MicroRNA Cluster	MicroRNA Score	MLH1 Silencing	MRNA Expression Cluster	MSI Status 5 Marker Call	MSI Status 7 Marker Call	Mutation Count	Mutation Rate Cluster	Oncotree Code	Overall Survival (Months)	Overall Survival Status	RNA-SEQ Data	Number of Samples Per Patient	Sample Type	Subtype	Tumor Stage 2009
ucec_tcga_pub	TCGA-A5-A0G1	TCGA-A5-A0G1-01	67	Endometrial Cancer	Uterine Serous Carcinoma/Uterine Papillary Serous Carcinoma	1	Y	N	106.8113163	DiseaseFree	0.0001	Grade 3	Serous	N	4	4	0.891767554	0	3	MSI-H	MSI-H	NA	NA	USC	106.81	DECEASED	Y	1	Primary	NA	Stage I
ucec_tcga_pub	TCGA-A5-A0G2	TCGA-A5-A0G2-01	57	Endometrial Cancer	Uterine Serous Carcinoma/Uterine Papillary Serous Carcinoma	4	Y	N	NA	NA	0.3729	Grade 3	Serous	N	1	4	0.882469449	1	1	MSI-L	MSI-L	NA	NA	USC	NA	NA	Y	1	Primary	NA	Stage III
ucec_tcga_pub	TCGA-A5-A0G3	TCGA-A5-A0G3-01	61	Endometrial Cancer	Uterine Serous Carcinoma/Uterine Papillary Serous Carcinoma	NA	N	N	26.1196544	Recurred	NA	Grade 3	Serous	Y	3	4	0.877287726	0	1	MSS	MSS	28	1_LOW	USC	46.92	LIVING	Y	1	Primary	NA	Stage III
ucec_tcga_pub	TCGA-A5-A0G5	TCGA-A5-A0G5-01	73	Endometrial Cancer	Uterine Serous Carcinoma/Uterine Papillary Serous Carcinoma	4	Y	Y	36.99463001	DiseaseFree	0.2308	Grade 3	Serous	Y	2	4	0.886489497	0	1	MSI-L	MSI-L	98	1_LOW	USC	36.99	LIVING	Y	1	Primary	Copy-number high (Serous-like)	Stage I
ucec_tcga_pub	TCGA-A5-A0G9	TCGA-A5-A0G9-01	79	Endometrial Cancer	Uterine Endometrioid Carcinoma	3	Y	Y	83.45147445	DiseaseFree	0.0341	Grade 3	Endometrioid	Y	1	6	0.936182815	1	3	MSI-H	MSI-H	204	2_HIGH	UEC	83.45	LIVING	Y	1	Primary	MSI (Hyper-mutated)	Stage I
ucec_tcga_pub	TCGA-A5-A0GA	TCGA-A5-A0GA-01	67	Endometrial Cancer	Uterine Endometrioid Carcinoma	3	Y	Y	NA	Recurred	0.0391	Grade 3	Endometrioid	Y	2	4	0.923555802	1	1	MSI-H	MSI-H	220	2_HIGH	UEC	17.84	DECEASED	Y	1	Primary	MSI (Hyper-mutated)	Stage III
ucec_tcga_pub	TCGA-A5-A0GB	TCGA-A5-A0GB-01	65	Endometrial Cancer	Uterine Endometrioid Carcinoma	2	Y	Y	32.75634647	DiseaseFree	0.0346	Grade 3	Endometrioid	Y	1	NA	NA	1	2	MSI-H	MSI-H	509	2_HIGH	UEC	32.76	LIVING	Y	1	Primary	MSI (Hyper-mutated)	Stage I
ucec_tcga_pub	TCGA-A5-A0GD	TCGA-A5-A0GD-01	75	Endometrial Cancer	Uterine Endometrioid Carcinoma	NA	N	N	112.4295061	DiseaseFree	0.0046	Grade 2	Endometrioid	Y	1	1	0.795833159	1	2	MSI-H	MSI-H	3	NA	UEC	112.43	DECEASED	Y	1	Primary	NA	Stage I
ucec_tcga_pub	TCGA-A5-A0GE	TCGA-A5-A0GE-01	38	Endometrial Cancer	Uterine Endometrioid Carcinoma	2	Y	Y	105.2999904	DiseaseFree	0.1421	Grade 2	Endometrioid	Y	2	4	0.8681518	0	2	MSS	MSS	25	1_LOW	UEC	105.3	LIVING	Y	1	Primary	Copy-number low (Endometriod)	Stage I
ucec_tcga_pub	TCGA-A5-A0GG	TCGA-A5-A0GG-01	76	Endometrial Cancer	Uterine Endometrioid Carcinoma	2	Y	N	87.26264415	DiseaseFree	0.0998	Grade 1	Endometrioid	N	3	2	0.953263868	1	1	MSI-H	MSI-H	NA	NA	UEC	87.26	LIVING	Y	1	Primary	NA	Stage I
ucec_tcga_pub	TCGA-A5-A0GH	TCGA-A5-A0GH-01	57	Endometrial Cancer	Uterine Endometrioid Carcinoma	1	Y	Y	74.02211493	DiseaseFree	0.0038	Grade 3	Endometrioid	Y	2	4	0.923555802	1	1	MSI-H	MSI-H	305	2_HIGH	UEC	74.02	LIVING	Y	1	Primary	MSI (Hyper-mutated)	Stage I
ucec_tcga_pub	TCGA-A5-A0GI	TCGA-A5-A0GI-01	63	Endometrial Cancer	Uterine Endometrioid Carcinoma	2	Y	Y	57.4960946	DiseaseFree	0.0439	Grade 2	Endometrioid	Y	1	5	0.869799717	1	3	MSI-H	MSI-H	198	2_HIGH	UEC	57.5	LIVING	Y	1	Primary	MSI (Hyper-mutated)	Stage I
ucec_tcga_pub	TCGA-A5-A0GJ	TCGA-A5-A0GJ-01	44	Endometrial Cancer	Uterine Endometrioid Carcinoma	4	Y	Y	0.394258934	Recurred	0.4758	Grade 2	Endometrioid	Y	1	3	0.888897494	0	3	MSS	MSS	64	1_LOW	UEC	65.71	LIVING	Y	1	Primary	Copy-number high (Serous-like)	Stage I
ucec_tcga_pub	TCGA-A5-A0GM	TCGA-A5-A0GM-01	53	Endometrial Cancer	Uterine Endometrioid Carcinoma	1	Y	Y	60.45303661	DiseaseFree	0.0002	Grade 1	Endometrioid	Y	2	6	0.769037046	0	3	MSS	MSS	33	1_LOW	UEC	60.45	LIVING	Y	1	Primary	Copy-number low (Endometriod)	Stage I
ucec_tcga_pub	TCGA-A5-A0GN	TCGA-A5-A0GN-01	65	Endometrial Cancer	Uterine Endometrioid Carcinoma	4	Y	Y	60.48589152	DiseaseFree	0.5570	Grade 1	Endometrioid	Y	1	NA	NA	0	3	MSS	MSS	45	1_LOW	UEC	60.49	LIVING	Y	1	Primary	Copy-number high (Serous-like)	Stage I
ucec_tcga_pub	TCGA-A5-A0GP	TCGA-A5-A0GP-01	58	Endometrial Cancer	Uterine Endometrioid Carcinoma	1	Y	Y	46.52255426	DiseaseFree	0.0001	Grade 1	Endometrioid	Y	2	6	0.751790929	0	1	MSS	MSS	1242	3_HIGHEST	UEC	46.52	LIVING	Y	1	Primary	POLE (Ultra-mutated)	Stage I
ucec_tcga_pub	TCGA-A5-A0GQ	TCGA-A5-A0GQ-01	76	Endometrial Cancer	Uterine Endometrioid Carcinoma	1	Y	Y	38.34168137	DiseaseFree	0.0000	Grade 1	Endometrioid	Y	4	6	0.936182815	0	3	MSS	MSS	52	1_LOW	UEC	38.34	LIVING	Y	1	Primary	Copy-number low (Endometriod)	Stage I
ucec_tcga_pub	TCGA-A5-A0GR	TCGA-A5-A0GR-01	69	Endometrial Cancer	Uterine Endometrioid Carcinoma	4	Y	N	36.79750054	DiseaseFree	0.3353	Grade 2	Endometrioid	N	4	1	0.86844934	0	3	MSS	MSS	NA	NA	UEC	36.8	LIVING	Y	1	Primary	NA	Stage I
ucec_tcga_pub	TCGA-A5-A0GU	TCGA-A5-A0GU-01	58	Endometrial Cancer	Uterine Endometrioid Carcinoma	3	Y	Y	28.22236872	DiseaseFree	0.1123	Grade 1	Endometrioid	Y	2	6	0.936182815	0	2	MSS	MSS	41	1_LOW	UEC	28.22	LIVING	Y	1	Primary	Copy-number low (Endometriod)	Stage I
ucec_tcga_pub	TCGA-A5-A0GV	TCGA-A5-A0GV-01	67	Endometrial Cancer	Uterine Endometrioid Carcinoma	3	Y	Y	9.987893005	Recurred	0.2282	Grade 1	Endometrioid	Y	2	5	0.932869329	0	2	MSS	MSS	42	1_LOW	UEC	20.8	LIVING	Y	1	Primary	Copy-number low (Endometriod)	Stage I
ucec_tcga_pub	TCGA-A5-A0GW	TCGA-A5-A0GW-01	46	Endometrial Cancer	Uterine Endometrioid Carcinoma	2	Y	Y	23.19556731	DiseaseFree	0.0502	Grade 3	Endometrioid	Y	2	2	0.79763473	1	1	MSI-H	MSI-H	207	2_HIGH	UEC	23.2	LIVING	Y	1	Primary	MSI (Hyper-mutated)	Stage I
ucec_tcga_pub	TCGA-A5-A0GX	TCGA-A5-A0GX-01	53	Endometrial Cancer	Uterine Endometrioid Carcinoma	2	Y	Y	68.56819967	DiseaseFree	0.0299	Grade 2	Endometrioid	Y	4	2	0.953263868	0	3	MSS	MSS	32	1_LOW	UEC	68.57	LIVING	Y	1	Primary	Copy-number low (Endometriod)	Stage I
ucec_tcga_pub	TCGA-A5-A0R6	TCGA-A5-A0R6-01	64	Endometrial Cancer	Uterine Serous Carcinoma/Uterine Papillary Serous Carcinoma	4	Y	Y	19.9429311	DiseaseFree	0.1466	Grade 3	Serous	Y	4	4	0.836740624	0	1	MSS	MSS	33	1_LOW	USC	19.94	LIVING	Y	1	Primary	Copy-number high (Serous-like)	Stage III
ucec_tcga_pub	TCGA-A5-A0R7	TCGA-A5-A0R7-01	55	Endometrial Cancer	Uterine Endometrioid Carcinoma	4	Y	Y	17.54452258	DiseaseFree	0.3529	Grade 2	Endometrioid	Y	2	4	0.877287726	0	3	MSS	MSS	40	1_LOW	UEC	17.54	LIVING	Y	1	Primary	Copy-number high (Serous-like)	Stage I
ucec_tcga_pub	TCGA-A5-A0R8	TCGA-A5-A0R8-01	81	Endometrial Cancer	Uterine Endometrioid Carcinoma	1	Y	Y	1.37990627	Recurred	0.0000	Grade 2	Endometrioid	Y	4	1	0.71082576	0	3	MSS	MSS	73	1_LOW	UEC	19.55	LIVING	Y	1	Primary	Copy-number low (Endometriod)	Stage I
ucec_tcga_pub	TCGA-A5-A0R9	TCGA-A5-A0R9-01	51	Endometrial Cancer	Uterine Endometrioid Carcinoma	2	Y	Y	24.60832849	DiseaseFree	0.0465	Grade 2	Endometrioid	Y	4	6	0.936182815	0	3	MSS	MSS	35	1_LOW	UEC	24.61	LIVING	Y	1	Primary	Copy-number low (Endometriod)	Stage I
ucec_tcga_pub	TCGA-A5-A0RA	TCGA-A5-A0RA-01	68	Endometrial Cancer	Uterine Endometrioid Carcinoma	1	Y	Y	29.01088659	DiseaseFree	0.0018	Grade 2	Endometrioid	Y	2	4	0.923555802	0	2	MSS	MSS	71	1_LOW	UEC	29.01	LIVING	Y	1	Primary	Copy-number low (Endometriod)	Stage I
ucec_tcga_pub	TCGA-A5-A0VO	TCGA-A5-A0VO-01	64	Endometrial Cancer	Uterine Endometrioid Carcinoma	NA	N	N	11.95918768	DiseaseFree	NA	Grade 2	Endometrioid	Y	1	4	0.70262485	1	NA	MSS	MSS	54	1_LOW	UEC	11.96	LIVING	N	1	Primary	NA	Stage I
ucec_tcga_pub	TCGA-A5-A0VP	TCGA-A5-A0VP-01	74	Endometrial Cancer	Uterine Endometrioid Carcinoma	2	Y	Y	42.28427071	DiseaseFree	0.0813	Grade 3	Endometrioid	Y	1	1	0.874537804	0	2	MSI-H	MSI-H	1145	3_HIGHEST	UEC	42.28	LIVING	Y	1	Primary	MSI (Hyper-mutated)	Stage I
ucec_tcga_pub	TCGA-A5-A0VQ	TCGA-A5-A0VQ-01	62	Endometrial Cancer	Uterine Endometrioid Carcinoma	1	Y	Y	15.93463193	DiseaseFree	0.0001	Grade 3	Endometrioid	Y	1	5	0.932869329	1	3	MSI-H	MSI-H	292	2_HIGH	UEC	15.93	LIVING	Y	1	Primary	MSI (Hyper-mutated)	Stage I
ucec_tcga_pub	TCGA-A5-A1OF	TCGA-A5-A1OF-01	47	Endometrial Cancer	Endometrial Carcinoma	1	Y	N	7.918033599	DiseaseFree	0.0009	Grade 3	Mixed	N	2	4	0.923555802	0	1	MSI-H	MSI-H	NA	NA	UCEC	7.92	LIVING	Y	1	Primary	NA	Stage I
ucec_tcga_pub	TCGA-A5-A1OG	TCGA-A5-A1OG-01	65	Endometrial Cancer	Uterine Serous Carcinoma/Uterine Papillary Serous Carcinoma	4	Y	N	11.07210507	Recurred	0.3103	Grade 3	Serous	N	3	4	0.877287726	0	1	MSS	MSS	NA	NA	USC	11.43	LIVING	Y	1	Primary	NA	Stage III
ucec_tcga_pub	TCGA-A5-A1OJ	TCGA-A5-A1OJ-01	31	Endometrial Cancer	Uterine Endometrioid Carcinoma	2	Y	N	9.59363407	DiseaseFree	0.0810	Grade 2	Endometrioid	N	2	5	0.890025216	1	NA	MSS	MSS	NA	NA	UEC	9.59	LIVING	N	1	Primary	NA	Stage I
ucec_tcga_pub	TCGA-A5-A1OK	TCGA-A5-A1OK-01	63	Endometrial Cancer	Uterine Endometrioid Carcinoma	3	Y	N	7.983743422	DiseaseFree	0.0342	Grade 3	Endometrioid	N	2	2	0.953263868	0	2	MSS	MSS	NA	NA	UEC	7.98	LIVING	Y	1	Primary	NA	Stage III
ucec_tcga_pub	TCGA-AJ-A23M	TCGA-AJ-A23M-01	61	Endometrial Cancer	Uterine Serous Carcinoma/Uterine Papillary Serous Carcinoma	4	Y	Y	NA	NA	0.5519	Grade 3	Serous	Y	3	3	0.835714286	0	1	MSS	MSS	82	1_LOW	USC	1.02	LIVING	Y	1	Primary	Copy-number high (Serous-like)	Stage II
ucec_tcga_pub	TCGA-AJ-A23O	TCGA-AJ-A23O-01	69	Endometrial Cancer	Uterine Endometrioid Carcinoma	3	Y	N	NA	NA	0.1019	Grade 3	Endometrioid	N	2	2	0.908260689	1	3	MSI-H	MSI-H	NA	NA	UEC	10.25	DECEASED	Y	1	Primary	NA	Stage I
ucec_tcga_pub	TCGA-AP-A051	TCGA-AP-A051-01	69	Endometrial Cancer	Uterine Endometrioid Carcinoma	3	Y	Y	83.615749	DiseaseFree	0.0341	Grade 3	Endometrioid	Y	1	5	0.932869329	1	2	MSI-H	MSI-H	6762	3_HIGHEST	UEC	83.62	LIVING	Y	1	Primary	POLE (Ultra-mutated)	Stage I
ucec_tcga_pub	TCGA-AP-A052	TCGA-AP-A052-01	59	Endometrial Cancer	Uterine Serous Carcinoma/Uterine Papillary Serous Carcinoma	4	Y	Y	12.9119801	Recurred	0.2774	Grade 3	Serous	Y	3	NA	NA	0	1	MSS	MSS	25	1_LOW	USC	21.98	DECEASED	Y	1	Primary	Copy-number high (Serous-like)	Stage IV
ucec_tcga_pub	TCGA-AP-A053	TCGA-AP-A053-01	90	Endometrial Cancer	Uterine Endometrioid Carcinoma	4	Y	Y	5.946738927	DiseaseFree	0.1891	Grade 3	Endometrioid	Y	3	4	0.877287726	0	1	MSS	MSS	45	1_LOW	UEC	5.95	LIVING	Y	1	Primary	Copy-number high (Serous-like)	Stage I
ucec_tcga_pub	TCGA-AP-A054	TCGA-AP-A054-01	64	Endometrial Cancer	Uterine Endometrioid Carcinoma	2	Y	Y	18.59587974	Recurred	0.0545	Grade 3	Endometrioid	Y	1	3	0.897648505	1	1	MSI-H	MSI-H	838	3_HIGHEST	UEC	23.29	DECEASED	Y	1	Primary	MSI (Hyper-mutated)	Stage III
ucec_tcga_pub	TCGA-AP-A056	TCGA-AP-A056-01	64	Endometrial Cancer	Uterine Endometrioid Carcinoma	1	Y	Y	86.01415752	DiseaseFree	0.0011	Grade 3	Endometrioid	Y	1	NA	NA	0	1	MSI-L	MSI-L	7220	3_HIGHEST	UEC	86.01	LIVING	Y	1	Primary	POLE (Ultra-mutated)	Stage II
ucec_tcga_pub	TCGA-AP-A059	TCGA-AP-A059-01	69	Endometrial Cancer	Uterine Endometrioid Carcinoma	2	Y	Y	8.2137278	DiseaseFree	0.0001	Grade 3	Endometrioid	Y	4	2	0.953263868	0	1	MSI-H	MSI-H	9239	3_HIGHEST	UEC	8.21	LIVING	Y	1	Primary	POLE (Ultra-mutated)	Stage I
ucec_tcga_pub	TCGA-AP-A05A	TCGA-AP-A05A-01	81	Endometrial Cancer	Uterine Serous Carcinoma/Uterine Papillary Serous Carcinoma	4	Y	Y	63.83709246	DiseaseFree	0.1828	Grade 3	Serous	Y	3	NA	NA	0	1	MSS	MSS	62	1_LOW	USC	63.84	DECEASED	Y	1	Primary	Copy-number high (Serous-like)	Stage II
ucec_tcga_pub	TCGA-AP-A05D	TCGA-AP-A05D-01	67	Endometrial Cancer	Uterine Serous Carcinoma/Uterine Papillary Serous Carcinoma	4	Y	Y	57.75893389	DiseaseFree	0.2183	Grade 3	Serous	Y	3	NA	NA	0	1	MSS	MSS	31	1_LOW	USC	57.76	LIVING	Y	1	Primary	Copy-number high (Serous-like)	Stage III
ucec_tcga_pub	TCGA-AP-A05H	TCGA-AP-A05H-01	75	Endometrial Cancer	Uterine Serous Carcinoma/Uterine Papillary Serous Carcinoma	4	Y	Y	45.50405201	DiseaseFree	0.6909	Grade 3	Serous	Y	3	NA	NA	0	1	MSS	MSS	68	1_LOW	USC	45.5	LIVING	Y	1	Primary	Copy-number high (Serous-like)	Stage I
ucec_tcga_pub	TCGA-AP-A05J	TCGA-AP-A05J-01	66	Endometrial Cancer	Uterine Serous Carcinoma/Uterine Papillary Serous Carcinoma	4	Y	Y	36.86321037	DiseaseFree	0.1747	Grade 3	Serous	Y	3	NA	NA	0	1	MSS	MSS	45	1_LOW	USC	36.86	LIVING	Y	1	Primary	Copy-number high (Serous-like)	Stage II
ucec_tcga_pub	TCGA-AP-A05N	TCGA-AP-A05N-01	58	Endometrial Cancer	Uterine Endometrioid Carcinoma	1	Y	Y	23.85266553	DiseaseFree	0.0004	Grade 1	Endometrioid	Y	1	NA	NA	1	2	MSI-H	MSI-H	164	2_HIGH	UEC	23.85	DECEASED	Y	1	Primary	MSI (Hyper-mutated)	Stage I
ucec_tcga_pub	TCGA-AP-A05O	TCGA-AP-A05O-01	68	Endometrial Cancer	Uterine Endometrioid Carcinoma	2	Y	N	11.17066981	Recurred	0.0197	Grade 3	Endometrioid	N	2	2	0.953263868	1	2	MSI-H	MSI-H	NA	NA	UEC	12.19	LIVING	Y	1	Primary	NA	Stage I
ucec_tcga_pub	TCGA-AP-A05P	TCGA-AP-A05P-01	54	Endometrial Cancer	Uterine Endometrioid Carcinoma	3	Y	Y	20.89572352	DiseaseFree	0.1359	Grade 1	Endometrioid	Y	4	1	0.918650794	0	2	MSS	MSS	30	1_LOW	UEC	20.9	LIVING	Y	1	Primary	Copy-number low (Endometriod)	Stage I
ucec_tcga_pub	TCGA-AP-A0L8	TCGA-AP-A0L8-01	70	Endometrial Cancer	Uterine Serous Carcinoma/Uterine Papillary Serous Carcinoma	4	Y	Y	47.70533106	Recurred	0.7370	Grade 3	Serous	Y	4	1	0.918650794	0	1	MSS	MSS	54	1_LOW	USC	48.76	DECEASED	Y	1	Primary	Copy-number high (Serous-like)	Stage III
ucec_tcga_pub	TCGA-AP-A0L9	TCGA-AP-A0L9-01	71	Endometrial Cancer	Uterine Serous Carcinoma/Uterine Papillary Serous Carcinoma	4	Y	Y	125.3086313	DiseaseFree	0.5243	Grade 3	Serous	Y	3	3	0.888897494	0	1	MSS	MSS	56	1_LOW	USC	125.31	LIVING	Y	1	Primary	Copy-number high (Serous-like)	Stage I
ucec_tcga_pub	TCGA-AP-A0LD	TCGA-AP-A0LD-01	63	Endometrial Cancer	Uterine Endometrioid Carcinoma	2	Y	Y	117.9162763	DiseaseFree	0.1300	Grade 3	Endometrioid	Y	2	2	0.790575691	1	3	MSI-H	MSI-H	357	2_HIGH	UEC	117.92	LIVING	Y	1	Primary	MSI (Hyper-mutated)	Stage I
ucec_tcga_pub	TCGA-AP-A0LE	TCGA-AP-A0LE-01	57	Endometrial Cancer	Uterine Endometrioid Carcinoma	2	Y	Y	110.2939369	DiseaseFree	0.0341	Grade 3	Endometrioid	Y	1	5	0.932869329	1	3	MSI-H	MSI-H	373	2_HIGH	UEC	110.29	LIVING	Y	1	Primary	MSI (Hyper-mutated)	Stage I
ucec_tcga_pub	TCGA-AP-A0LF	TCGA-AP-A0LF-01	82	Endometrial Cancer	Uterine Endometrioid Carcinoma	4	Y	Y	NA	Recurred	0.3339	Grade 3	Endometrioid	Y	4	4	0.877755907	0	1	MSS	MSS	178	2_HIGH	UEC	3.38	LIVING	Y	1	Primary	Copy-number high (Serous-like)	Stage IV
ucec_tcga_pub	TCGA-AP-A0LG	TCGA-AP-A0LG-01	54	Endometrial Cancer	Uterine Endometrioid Carcinoma	1	Y	Y	63.11428442	DiseaseFree	0.0000	Grade 3	Endometrioid	Y	1	5	0.932869329	1	2	MSI-H	MSI-H	294	2_HIGH	UEC	63.11	LIVING	Y	1	Primary	MSI (Hyper-mutated)	Stage I
ucec_tcga_pub	TCGA-AP-A0LH	TCGA-AP-A0LH-01	60	Endometrial Cancer	Endometrial Carcinoma	4	Y	Y	9.889328271	Recurred	0.1132	Grade 3	Mixed	Y	4	4	0.886489497	0	2	MSS	MSS	106	1_LOW	UCEC	36.34	DECEASED	Y	1	Primary	Copy-number high (Serous-like)	Stage I
ucec_tcga_pub	TCGA-AP-A0LI	TCGA-AP-A0LI-01	67	Endometrial Cancer	Uterine Serous Carcinoma/Uterine Papillary Serous Carcinoma	4	Y	Y	97.64479609	DiseaseFree	0.3668	Grade 3	Serous	Y	4	4	0.886489497	0	1	MSS	MSS	72	1_LOW	USC	97.64	LIVING	Y	1	Primary	Copy-number high (Serous-like)	Stage III
ucec_tcga_pub	TCGA-AP-A0LJ	TCGA-AP-A0LJ-01	42	Endometrial Cancer	Uterine Endometrioid Carcinoma	2	Y	Y	31.70498931	DiseaseFree	0.0469	Grade 1	Endometrioid	Y	4	4	0.923555802	0	3	MSS	MSS	39	1_LOW	UEC	31.7	LIVING	Y	1	Primary	Copy-number low (Endometriod)	Stage I
ucec_tcga_pub	TCGA-AP-A0LL	TCGA-AP-A0LL-01	56	Endometrial Cancer	Uterine Endometrioid Carcinoma	3	Y	Y	25.95537985	Recurred	0.0344	Grade 1	Endometrioid	Y	2	5	0.932869329	0	3	MSS	MSS	42	1_LOW	UEC	83.91	LIVING	Y	1	Primary	Copy-number low (Endometriod)	Stage I
ucec_tcga_pub	TCGA-AP-A0LM	TCGA-AP-A0LM-01	33	Endometrial Cancer	Uterine Endometrioid Carcinoma	1	Y	Y	27.10530174	DiseaseFree	0.0001	Grade 3	Endometrioid	Y	4	2	0.953263868	0	3	MSS	MSS	10501	3_HIGHEST	UEC	27.11	LIVING	Y	1	Primary	POLE (Ultra-mutated)	Stage III
ucec_tcga_pub	TCGA-AP-A0LN	TCGA-AP-A0LN-01	56	Endometrial Cancer	Uterine Endometrioid Carcinoma	2	Y	Y	82.46582711	DiseaseFree	0.0465	Grade 1	Endometrioid	Y	2	6	0.460983716	0	3	MSS	MSS	44	1_LOW	UEC	82.47	LIVING	Y	1	Primary	Copy-number low (Endometriod)	Stage I
ucec_tcga_pub	TCGA-AP-A0LO	TCGA-AP-A0LO-01	45	Endometrial Cancer	Uterine Endometrioid Carcinoma	3	Y	Y	16.95313418	Recurred	0.2933	Grade 2	Endometrioid	Y	2	NA	NA	1	2	MSS	MSS	27	1_LOW	UEC	33.38	DECEASED	Y	1	Primary	Copy-number low (Endometriod)	Stage I
ucec_tcga_pub	TCGA-AP-A0LP	TCGA-AP-A0LP-01	76	Endometrial Cancer	Uterine Endometrioid Carcinoma	1	Y	Y	61.6029585	DiseaseFree	0.0000	Grade 1	Endometrioid	Y	2	6	0.936182815	1	3	MSI-H	MSI-H	205	2_HIGH	UEC	61.6	LIVING	Y	1	Primary	MSI (Hyper-mutated)	Stage I
ucec_tcga_pub	TCGA-AP-A0LQ	TCGA-AP-A0LQ-01	59	Endometrial Cancer	Uterine Endometrioid Carcinoma	2	Y	N	80.72451682	DiseaseFree	0.0464	Grade 2	Endometrioid	Y	4	4	0.923555802	0	NA	MSS	MSS	42	1_LOW	UEC	80.72	LIVING	N	1	Primary	NA	Stage I
ucec_tcga_pub	TCGA-AP-A0LS	TCGA-AP-A0LS-01	63	Endometrial Cancer	Uterine Endometrioid Carcinoma	1	Y	N	63.01571968	DiseaseFree	0.0001	Grade 2	Endometrioid	N	1	6	0.936182815	1	NA	MSI-H	MSI-H	NA	NA	UEC	63.02	LIVING	N	1	Primary	NA	Stage I
ucec_tcga_pub	TCGA-AP-A0LT	TCGA-AP-A0LT-01	57	Endometrial Cancer	Uterine Endometrioid Carcinoma	1	Y	Y	49.18380207	DiseaseFree	0.0000	Grade 2	Endometrioid	Y	1	5	0.932869329	1	2	MSI-H	MSI-H	477	2_HIGH	UEC	49.18	LIVING	Y	1	Primary	MSI (Hyper-mutated)	Stage II
ucec_tcga_pub	TCGA-AP-A0LV	TCGA-AP-A0LV-01	39	Endometrial Cancer	Uterine Endometrioid Carcinoma	1	Y	Y	25.06829725	DiseaseFree	0.0001	Grade 1	Endometrioid	Y	4	4	0.923555802	0	3	MSS	MSS	19	1_LOW	UEC	25.07	LIVING	Y	1	Primary	Copy-number low (Endometriod)	Stage I
ucec_tcga_pub	TCGA-AP-A1DH	TCGA-AP-A1DH-01	62	Endometrial Cancer	Uterine Endometrioid Carcinoma	1	Y	N	71.62370642	DiseaseFree	0.0000	Grade 3	Endometrioid	N	1	3	0.897648505	1	1	MSI-H	MSI-H	NA	NA	UEC	71.62	LIVING	Y	1	Primary	NA	Stage I
ucec_tcga_pub	TCGA-AP-A1DK	TCGA-AP-A1DK-01	53	Endometrial Cancer	Uterine Endometrioid Carcinoma	1	Y	N	60.32161696	DiseaseFree	0.0003	Grade 3	Endometrioid	N	3	2	0.953263868	0	1	MSI-H	MSI-H	NA	NA	UEC	60.32	LIVING	Y	1	Primary	NA	Stage I
ucec_tcga_pub	TCGA-AP-A1DM	TCGA-AP-A1DM-01	60	Endometrial Cancer	Uterine Endometrioid Carcinoma	2	Y	N	55.85334904	DiseaseFree	0.0415	Grade 1	Endometrioid	N	1	5	0.932869329	1	2	MSI-H	MSI-H	NA	NA	UEC	55.85	LIVING	Y	1	Primary	NA	Stage I
ucec_tcga_pub	TCGA-AP-A1DO	TCGA-AP-A1DO-01	62	Endometrial Cancer	Uterine Endometrioid Carcinoma	3	Y	N	30.98218126	DiseaseFree	0.2144	Grade 2	Endometrioid	N	1	5	0.932869329	1	2	MSI-H	MSI-H	NA	NA	UEC	30.98	LIVING	Y	1	Primary	NA	Stage I
ucec_tcga_pub	TCGA-AP-A1DP	TCGA-AP-A1DP-01	70	Endometrial Cancer	Uterine Endometrioid Carcinoma	3	Y	N	27.2695763	Recurred	0.0341	Grade 2	Endometrioid	N	1	5	0.932869329	1	NA	MSI-H	MSI-H	NA	NA	UEC	35.52	DECEASED	N	1	Primary	NA	Stage I
ucec_tcga_pub	TCGA-AP-A1DQ	TCGA-AP-A1DQ-01	76	Endometrial Cancer	Uterine Serous Carcinoma/Uterine Papillary Serous Carcinoma	4	Y	Y	29.70083972	Recurred	0.5010	Grade 3	Serous	Y	3	4	0.652238476	0	1	MSS	MSS	26	1_LOW	USC	46.75	DECEASED	Y	1	Primary	Copy-number high (Serous-like)	Stage III
ucec_tcga_pub	TCGA-AP-A1DR	TCGA-AP-A1DR-01	59	Endometrial Cancer	Uterine Endometrioid Carcinoma	1	Y	N	49.11809224	DiseaseFree	0.0002	Grade 2	Endometrioid	N	1	5	0.80219575	1	2	MSI-H	MSI-H	NA	NA	UEC	49.12	LIVING	Y	1	Primary	NA	Stage III
ucec_tcga_pub	TCGA-AP-A1DV	TCGA-AP-A1DV-01	59	Endometrial Cancer	Uterine Endometrioid Carcinoma	2	Y	N	6.702401885	DiseaseFree	0.0195	Grade 3	Endometrioid	N	1	6	0.898513296	0	2	MSI-L	MSS	NA	NA	UEC	6.7	LIVING	Y	1	Primary	NA	Stage II
ucec_tcga_pub	TCGA-AP-A1E0	TCGA-AP-A1E0-01	40	Endometrial Cancer	Uterine Endometrioid Carcinoma	1	Y	N	30.88361653	DiseaseFree	0.0004	Grade 2	Endometrioid	N	1	1	0.918650794	0	1	MSI-L	MSS	NA	NA	UEC	30.88	LIVING	Y	1	Primary	NA	Stage III
ucec_tcga_pub	TCGA-AP-A1E1	TCGA-AP-A1E1-01	74	Endometrial Cancer	Uterine Endometrioid Carcinoma	3	Y	N	10.41500685	DiseaseFree	0.0338	Grade 2	Endometrioid	N	1	5	0.932869329	1	2	MSI-H	MSI-H	NA	NA	UEC	10.42	LIVING	Y	1	Primary	NA	Stage I
ucec_tcga_pub	TCGA-AP-A1E3	TCGA-AP-A1E3-01	45	Endometrial Cancer	Uterine Endometrioid Carcinoma	2	Y	N	NA	Recurred	0.0001	Grade 3	Endometrioid	N	2	2	0.953263868	0	1	MSS	MSS	NA	NA	UEC	27.83	LIVING	Y	1	Primary	NA	Stage III
ucec_tcga_pub	TCGA-AP-A1E4	TCGA-AP-A1E4-01	54	Endometrial Cancer	Uterine Endometrioid Carcinoma	3	Y	N	5.19107597	Recurred	0.1270	Grade 2	Endometrioid	N	3	1	0.918650794	0	1	MSS	MSS	NA	NA	UEC	16.23	LIVING	Y	1	Primary	NA	Stage I
ucec_tcga_pub	TCGA-AW-A1PO	TCGA-AW-A1PO-01	66	Endometrial Cancer	Uterine Endometrioid Carcinoma	4	Y	N	0.55853349	DiseaseFree	0.9487	Grade 3	Endometrioid	N	3	3	0.897648505	0	1	MSS	MSS	NA	NA	UEC	0.56	LIVING	Y	1	Primary	NA	Stage III
ucec_tcga_pub	TCGA-AX-A05S	TCGA-AX-A05S-01	81	Endometrial Cancer	Uterine Endometrioid Carcinoma	2	Y	Y	11.07210507	Recurred	0.0904	Grade 3	Endometrioid	Y	1	4	0.909932648	1	3	MSI-H	MSI-H	377	2_HIGH	UEC	13.57	DECEASED	Y	1	Primary	MSI (Hyper-mutated)	Stage III
ucec_tcga_pub	TCGA-AX-A05T	TCGA-AX-A05T-01	82	Endometrial Cancer	Uterine Endometrioid Carcinoma	2	Y	Y	19.81151145	DiseaseFree	0.0464	Grade 1	Endometrioid	Y	2	5	0.890025216	0	2	MSS	MSS	40	1_LOW	UEC	19.81	LIVING	Y	1	Primary	Copy-number low (Endometriod)	Stage I
ucec_tcga_pub	TCGA-AX-A05U	TCGA-AX-A05U-01	56	Endometrial Cancer	Uterine Endometrioid Carcinoma	2	Y	Y	29.6351299	DiseaseFree	0.0586	Grade 1	Endometrioid	Y	4	6	0.936182815	0	2	MSS	MSS	29	1_LOW	UEC	29.64	LIVING	Y	1	Primary	Copy-number low (Endometriod)	Stage I
ucec_tcga_pub	TCGA-AX-A05W	TCGA-AX-A05W-01	60	Endometrial Cancer	Uterine Endometrioid Carcinoma	2	Y	N	68.27250547	DiseaseFree	0.2216	Grade 1	Endometrioid	Y	1	4	0.923555802	0	NA	MSS	MSS	45	1_LOW	UEC	68.27	LIVING	N	1	Primary	NA	Stage II
ucec_tcga_pub	TCGA-AX-A05Y	TCGA-AX-A05Y-01	57	Endometrial Cancer	Uterine Endometrioid Carcinoma	2	Y	Y	6.340997862	Recurred	0.0411	Grade 1	Endometrioid	Y	2	6	0.936182815	1	3	MSI-H	MSI-H	130	2_HIGH	UEC	71.99	LIVING	Y	1	Primary	MSI (Hyper-mutated)	Stage I
ucec_tcga_pub	TCGA-AX-A05Z	TCGA-AX-A05Z-01	37	Endometrial Cancer	Uterine Endometrioid Carcinoma	2	Y	Y	46.42398953	DiseaseFree	0.0190	Grade 2	Endometrioid	Y	1	4	0.842435138	0	3	MSS	MSS	5700	3_HIGHEST	UEC	46.42	LIVING	Y	1	Primary	POLE (Ultra-mutated)	Stage III
ucec_tcga_pub	TCGA-AX-A060	TCGA-AX-A060-01	77	Endometrial Cancer	Uterine Endometrioid Carcinoma	3	Y	Y	35.31902954	DiseaseFree	0.0342	Grade 3	Endometrioid	Y	1	5	0.932869329	1	2	MSI-H	MSI-H	513	2_HIGH	UEC	35.32	LIVING	Y	1	Primary	MSI (Hyper-mutated)	Stage I
ucec_tcga_pub	TCGA-AX-A062	TCGA-AX-A062-01	53	Endometrial Cancer	Uterine Endometrioid Carcinoma	1	Y	Y	45.93116586	DiseaseFree	0.0001	Grade 1	Endometrioid	Y	4	4	0.923555802	0	2	MSS	MSS	28	1_LOW	UEC	45.93	LIVING	Y	1	Primary	Copy-number low (Endometriod)	Stage I
ucec_tcga_pub	TCGA-AX-A063	TCGA-AX-A063-01	63	Endometrial Cancer	Uterine Endometrioid Carcinoma	2	Y	Y	66.49834027	DiseaseFree	0.0440	Grade 2	Endometrioid	Y	1	5	0.932869329	1	2	MSI-H	MSI-H	717	3_HIGHEST	UEC	66.5	LIVING	Y	1	Primary	MSI (Hyper-mutated)	Stage I
ucec_tcga_pub	TCGA-AX-A064	TCGA-AX-A064-01	81	Endometrial Cancer	Uterine Endometrioid Carcinoma	3	Y	Y	34.95762552	DiseaseFree	0.0341	Grade 2	Endometrioid	Y	2	NA	NA	1	2	MSI-H	MSI-H	193	2_HIGH	UEC	34.96	LIVING	Y	1	Primary	MSI (Hyper-mutated)	Stage I
ucec_tcga_pub	TCGA-AX-A06B	TCGA-AX-A06B-01	72	Endometrial Cancer	Uterine Endometrioid Carcinoma	4	Y	Y	53.84919946	DiseaseFree	0.5106	Grade 3	Endometrioid	Y	4	2	0.953263868	0	1	MSS	MSS	31	1_LOW	UEC	53.85	LIVING	Y	1	Primary	Copy-number high (Serous-like)	Stage I
ucec_tcga_pub	TCGA-AX-A06D	TCGA-AX-A06D-01	82	Endometrial Cancer	Uterine Endometrioid Carcinoma	2	Y	N	8.312292534	Recurred	0.1137	Grade 2	Endometrioid	N	2	1	0.918650794	0	3	MSS	MSS	NA	NA	UEC	12.25	DECEASED	Y	1	Primary	NA	Stage III
ucec_tcga_pub	TCGA-AX-A06F	TCGA-AX-A06F-01	59	Endometrial Cancer	Uterine Endometrioid Carcinoma	2	Y	N	51.056532	DiseaseFree	0.0013	Grade 3	Endometrioid	N	2	4	0.914765853	0	1	MSI-L	MSI-L	NA	NA	UEC	51.06	LIVING	Y	1	Primary	NA	Stage IV
ucec_tcga_pub	TCGA-AX-A06H	TCGA-AX-A06H-01	60	Endometrial Cancer	Uterine Endometrioid Carcinoma	1	Y	Y	27.36814103	DiseaseFree	0.0004	Grade 1	Endometrioid	Y	1	2	0.953263868	1	2	MSI-H	MSI-H	283	2_HIGH	UEC	27.37	LIVING	Y	1	Primary	MSI (Hyper-mutated)	Stage III
ucec_tcga_pub	TCGA-AX-A06J	TCGA-AX-A06J-01	71	Endometrial Cancer	Uterine Endometrioid Carcinoma	2	Y	N	29.99653393	DiseaseFree	0.0464	Grade 3	Endometrioid	N	1	4	0.828806248	0	3	MSS	MSS	NA	NA	UEC	30	LIVING	Y	1	Primary	NA	Stage I
ucec_tcga_pub	TCGA-AX-A06L	TCGA-AX-A06L-01	63	Endometrial Cancer	Uterine Endometrioid Carcinoma	1	Y	N	60.58445625	DiseaseFree	0.0002	Grade 1	Endometrioid	Y	3	6	0.936182815	0	NA	MSS	MSS	30	1_LOW	UEC	60.58	LIVING	N	1	Primary	NA	Stage I
ucec_tcga_pub	TCGA-AX-A0IS	TCGA-AX-A0IS-01	52	Endometrial Cancer	Uterine Endometrioid Carcinoma	3	Y	Y	14.71900022	Recurred	0.1065	Grade 2	Endometrioid	Y	2	5	0.843520432	0	2	MSS	MSS	50	1_LOW	UEC	34.99	LIVING	Y	1	Primary	Copy-number low (Endometriod)	Stage I
ucec_tcga_pub	TCGA-AX-A0IU	TCGA-AX-A0IU-01	79	Endometrial Cancer	Uterine Serous Carcinoma/Uterine Papillary Serous Carcinoma	4	Y	Y	28.51806292	DiseaseFree	0.2139	Grade 3	Serous	Y	3	6	0.452596592	0	1	MSS	MSS	40	1_LOW	USC	28.52	LIVING	Y	1	Primary	Copy-number high (Serous-like)	Stage III
ucec_tcga_pub	TCGA-AX-A0IW	TCGA-AX-A0IW-01	67	Endometrial Cancer	Uterine Serous Carcinoma/Uterine Papillary Serous Carcinoma	4	Y	Y	37.71743806	DiseaseFree	0.6545	Grade 3	Serous	Y	3	4	0.877287726	0	1	MSI-L	MSI-L	39	1_LOW	USC	37.72	LIVING	Y	1	Primary	Copy-number high (Serous-like)	Stage III
ucec_tcga_pub	TCGA-AX-A0IZ	TCGA-AX-A0IZ-01	53	Endometrial Cancer	Uterine Endometrioid Carcinoma	1	Y	N	43.79559663	DiseaseFree	0.0004	Grade 3	Endometrioid	N	2	2	0.912165907	0	3	MSI-H	MSI-H	NA	NA	UEC	43.8	LIVING	Y	1	Primary	NA	Stage I
ucec_tcga_pub	TCGA-AX-A0J0	TCGA-AX-A0J0-01	47	Endometrial Cancer	Uterine Endometrioid Carcinoma	1	Y	Y	40.05013675	DiseaseFree	0.0006	Grade 2	Endometrioid	Y	4	4	0.877287726	0	1	MSI-L	MSS	6963	3_HIGHEST	UEC	40.05	LIVING	Y	1	Primary	POLE (Ultra-mutated)	Stage I
ucec_tcga_pub	TCGA-AX-A0J1	TCGA-AX-A0J1-01	80	Endometrial Cancer	Uterine Endometrioid Carcinoma	3	Y	Y	65.84124204	DiseaseFree	0.0341	Grade 2	Endometrioid	Y	1	4	0.876855817	1	2	MSI-H	MSI-H	3868	3_HIGHEST	UEC	65.84	LIVING	Y	1	Primary	MSI (Hyper-mutated)	Stage I
ucec_tcga_pub	TCGA-AX-A1C4	TCGA-AX-A1C4-01	52	Endometrial Cancer	Uterine Endometrioid Carcinoma	2	Y	N	NA	NA	0.0853	Grade 2	Endometrioid	N	1	5	0.932869329	1	1	MSI-H	MSI-H	NA	NA	UEC	13.27	LIVING	Y	1	Primary	NA	Stage I
ucec_tcga_pub	TCGA-AX-A1C5	TCGA-AX-A1C5-01	47	Endometrial Cancer	Uterine Endometrioid Carcinoma	2	Y	N	NA	NA	0.0040	Grade 3	Endometrioid	N	2	3	0.390770931	0	1	MSI-H	MSI-H	NA	NA	UEC	19.19	LIVING	Y	1	Primary	NA	Stage III
ucec_tcga_pub	TCGA-AX-A1C7	TCGA-AX-A1C7-01	77	Endometrial Cancer	Uterine Serous Carcinoma/Uterine Papillary Serous Carcinoma	4	Y	Y	12.81341537	Recurred	0.3689	Grade 3	Serous	Y	3	3	0.840372671	0	1	MSS	MSS	40	1_LOW	USC	16.92	LIVING	Y	1	Primary	Copy-number high (Serous-like)	Stage I
ucec_tcga_pub	TCGA-AX-A1C8	TCGA-AX-A1C8-01	77	Endometrial Cancer	Uterine Serous Carcinoma/Uterine Papillary Serous Carcinoma	4	Y	Y	NA	NA	0.2344	Grade 3	Serous	Y	3	4	0.886489497	0	1	MSS	MSS	53	1_LOW	USC	13.54	LIVING	Y	1	Primary	Copy-number high (Serous-like)	Stage III
ucec_tcga_pub	TCGA-AX-A1C9	TCGA-AX-A1C9-01	73	Endometrial Cancer	Uterine Endometrioid Carcinoma	2	Y	N	15.2446788	DiseaseFree	0.0989	Grade 2	Endometrioid	N	2	1	0.911154351	0	1	MSI-H	MSI-H	NA	NA	UEC	15.24	LIVING	Y	1	Primary	NA	Stage I
ucec_tcga_pub	TCGA-AX-A1CA	TCGA-AX-A1CA-01	70	Endometrial Cancer	Uterine Serous Carcinoma/Uterine Papillary Serous Carcinoma	4	Y	N	20.27148021	DiseaseFree	0.5031	Grade 3	Serous	N	3	6	0.877057267	0	1	Indeterminant	Indeterminant	NA	NA	USC	20.27	LIVING	Y	1	Primary	NA	Stage I
ucec_tcga_pub	TCGA-AX-A1CC	TCGA-AX-A1CC-01	65	Endometrial Cancer	Uterine Serous Carcinoma/Uterine Papillary Serous Carcinoma	1	Y	N	12.41915643	DiseaseFree	0.0123	Grade 3	Serous	N	3	1	0.891243726	0	1	MSI-L	MSI-L	NA	NA	USC	12.42	LIVING	Y	1	Primary	NA	Stage I
ucec_tcga_pub	TCGA-AX-A1CE	TCGA-AX-A1CE-01	60	Endometrial Cancer	Uterine Endometrioid Carcinoma	1	Y	N	NA	NA	0.0013	Grade 3	Endometrioid	N	1	6	0.802482844	0	2	MSI-H	MSI-H	NA	NA	UEC	20.04	LIVING	Y	1	Primary	NA	Stage I
ucec_tcga_pub	TCGA-AX-A1CF	TCGA-AX-A1CF-01	69	Endometrial Cancer	Uterine Endometrioid Carcinoma	4	Y	N	28.7480473	Recurred	0.5489	Grade 3	Endometrioid	N	3	4	0.596528	0	1	MSS	MSS	NA	NA	UEC	76.78	LIVING	Y	1	Primary	NA	Stage IV
ucec_tcga_pub	TCGA-AX-A1CI	TCGA-AX-A1CI-01	61	Endometrial Cancer	Uterine Endometrioid Carcinoma	2	Y	N	72.51078902	DiseaseFree	0.0488	Grade 1	Endometrioid	N	2	1	0.894790354	0	2	MSS	MSS	NA	NA	UEC	72.51	LIVING	Y	1	Primary	NA	Stage I
ucec_tcga_pub	TCGA-AX-A1CJ	TCGA-AX-A1CJ-01	59	Endometrial Cancer	Uterine Endometrioid Carcinoma	2	Y	N	54.04632892	DiseaseFree	0.0811	Grade 2	Endometrioid	N	4	6	0.936182815	0	3	Indeterminant	Indeterminant	NA	NA	UEC	54.05	LIVING	Y	1	Primary	NA	Stage I
ucec_tcga_pub	TCGA-AX-A1CK	TCGA-AX-A1CK-01	58	Endometrial Cancer	Uterine Endometrioid Carcinoma	3	Y	N	NA	Recurred	0.1396	Grade 2	Endometrioid	N	1	3	0.829517277	0	2	MSS	MSS	NA	NA	UEC	67.42	LIVING	Y	1	Primary	NA	Stage I
ucec_tcga_pub	TCGA-AX-A1CN	TCGA-AX-A1CN-01	54	Endometrial Cancer	Uterine Endometrioid Carcinoma	2	Y	N	25.10115216	DiseaseFree	0.0690	Grade 3	Endometrioid	N	3	3	0.897648505	0	1	MSI-L	MSI-L	NA	NA	UEC	25.1	LIVING	Y	1	Primary	NA	Stage II
ucec_tcga_pub	TCGA-AX-A1CP	TCGA-AX-A1CP-01	84	Endometrial Cancer	Uterine Serous Carcinoma/Uterine Papillary Serous Carcinoma	4	Y	Y	23.72124589	Recurred	0.1854	Grade 3	Serous	Y	3	1	0.918650794	0	1	MSS	MSS	23	1_LOW	USC	36.37	LIVING	Y	1	Primary	Copy-number high (Serous-like)	Stage I
ucec_tcga_pub	TCGA-AX-A1CR	TCGA-AX-A1CR-01	70	Endometrial Cancer	Endometrial Carcinoma	4	Y	N	11.07210507	DiseaseFree	0.3765	Grade 3	Mixed	N	3	4	0.923555802	0	1	MSS	MSS	NA	NA	UCEC	11.07	LIVING	Y	1	Primary	NA	Stage II
ucec_tcga_pub	TCGA-AX-A2H5	TCGA-AX-A2H5-01	67	Endometrial Cancer	Uterine Serous Carcinoma/Uterine Papillary Serous Carcinoma	4	Y	Y	NA	NA	0.2890	Grade 3	Serous	Y	3	4	0.871917175	0	1	MSS	MSS	43	NA	USC	71.2	LIVING	Y	1	Primary	Copy-number high (Serous-like)	Stage III
ucec_tcga_pub	TCGA-AX-A2H8	TCGA-AX-A2H8-01	64	Endometrial Cancer	Uterine Endometrioid Carcinoma	4	Y	N	61.14298974	DiseaseFree	0.2494	Grade 3	Endometrioid	N	3	4	0.877287726	0	NA	MSI-L	MSI-L	NA	NA	UEC	61.14	LIVING	N	1	Primary	NA	Stage I
ucec_tcga_pub	TCGA-AX-A2HC	TCGA-AX-A2HC-01	53	Endometrial Cancer	Uterine Endometrioid Carcinoma	2	Y	N	NA	Recurred	0.0764	Grade 3	Endometrioid	N	1	3	0.897648505	0	1	MSI-H	MSI-H	NA	NA	UEC	33.38	LIVING	Y	1	Primary	NA	Stage III
ucec_tcga_pub	TCGA-AX-A2HD	TCGA-AX-A2HD-01	69	Endometrial Cancer	Uterine Endometrioid Carcinoma	2	Y	N	40.4772506	DiseaseFree	0.0300	Grade 3	Endometrioid	N	2	5	0.842998833	1	1	MSI-H	MSI-H	NA	NA	UEC	40.48	LIVING	Y	1	Primary	NA	Stage III
ucec_tcga_pub	TCGA-AX-A2HF	TCGA-AX-A2HF-01	67	Endometrial Cancer	Uterine Serous Carcinoma/Uterine Papillary Serous Carcinoma	4	Y	Y	16.06605158	DiseaseFree	0.9162	Grade 3	Serous	Y	3	3	0.840372671	0	1	MSS	MSS	29	NA	USC	16.07	LIVING	Y	1	Primary	Copy-number high (Serous-like)	Stage I
ucec_tcga_pub	TCGA-AX-A2HG	TCGA-AX-A2HG-01	56	Endometrial Cancer	Uterine Endometrioid Carcinoma	2	Y	N	21.68424139	DiseaseFree	0.0004	Grade 3	Endometrioid	N	2	1	0.918650794	1	1	MSI-H	MSI-H	NA	NA	UEC	21.68	LIVING	Y	1	Primary	NA	Stage I
ucec_tcga_pub	TCGA-AX-A2HH	TCGA-AX-A2HH-01	60	Endometrial Cancer	Uterine Endometrioid Carcinoma	3	Y	N	17.70879714	DiseaseFree	0.2247	Grade 3	Endometrioid	N	2	1	0.918650794	0	NA	MSS	MSS	NA	NA	UEC	17.71	LIVING	N	1	Primary	NA	Stage I
ucec_tcga_pub	TCGA-AX-A2HJ	TCGA-AX-A2HJ-01	35	Endometrial Cancer	Uterine Endometrioid Carcinoma	2	Y	N	27.30243121	DiseaseFree	0.0524	Grade 3	Endometrioid	N	2	3	0.897648505	1	2	MSI-H	MSI-H	NA	NA	UEC	27.3	LIVING	Y	1	Primary	NA	Stage I
ucec_tcga_pub	TCGA-AX-A2HK	TCGA-AX-A2HK-01	77	Endometrial Cancer	Uterine Endometrioid Carcinoma	4	Y	N	NA	NA	0.5945	Grade 3	Endometrioid	N	3	6	0.936182815	0	1	MSS	MSS	NA	NA	UEC	2.96	DECEASED	Y	1	Primary	NA	Stage III
ucec_tcga_pub	TCGA-B5-A0JN	TCGA-B5-A0JN-01	84	Endometrial Cancer	Uterine Serous Carcinoma/Uterine Papillary Serous Carcinoma	4	Y	N	80.33025788	DiseaseFree	0.5279	Grade 3	Serous	Y	3	4	0.886489497	0	NA	MSI-L	MSI-L	96	1_LOW	USC	80.33	LIVING	N	1	Primary	NA	Stage IV
ucec_tcga_pub	TCGA-B5-A0JR	TCGA-B5-A0JR-01	73	Endometrial Cancer	Uterine Endometrioid Carcinoma	3	Y	N	56.87185129	DiseaseFree	0.1187	Grade 3	Endometrioid	Y	1	NA	NA	1	NA	MSI-H	MSI-H	439	2_HIGH	UEC	56.87	LIVING	N	1	Primary	NA	Stage I
ucec_tcga_pub	TCGA-B5-A0JS	TCGA-B5-A0JS-01	54	Endometrial Cancer	Uterine Endometrioid Carcinoma	2	Y	Y	46.71968373	DiseaseFree	0.0195	Grade 1	Endometrioid	Y	4	6	0.936182815	0	2	MSS	MSS	27	1_LOW	UEC	46.72	LIVING	Y	1	Primary	Copy-number low (Endometriod)	Stage I
ucec_tcga_pub	TCGA-B5-A0JT	TCGA-B5-A0JT-01	63	Endometrial Cancer	Uterine Endometrioid Carcinoma	2	Y	Y	43.10564349	DiseaseFree	0.3758	Grade 1	Endometrioid	Y	4	2	0.953263868	0	2	MSS	MSS	49	1_LOW	UEC	43.11	LIVING	Y	1	Primary	Copy-number low (Endometriod)	Stage I
ucec_tcga_pub	TCGA-B5-A0JU	TCGA-B5-A0JU-01	57	Endometrial Cancer	Uterine Endometrioid Carcinoma	1	Y	N	48.72383331	DiseaseFree	0.0000	Grade 2	Endometrioid	N	1	5	0.932869329	1	NA	MSI-H	MSI-H	NA	NA	UEC	48.72	LIVING	N	1	Primary	NA	Stage I
ucec_tcga_pub	TCGA-B5-A0JV	TCGA-B5-A0JV-01	63	Endometrial Cancer	Uterine Endometrioid Carcinoma	2	Y	Y	22.93272802	Recurred	0.0359	Grade 2	Endometrioid	Y	1	1	0.918650794	1	2	MSI-H	MSI-H	208	2_HIGH	UEC	40.64	LIVING	Y	1	Primary	MSI (Hyper-mutated)	Stage I
ucec_tcga_pub	TCGA-B5-A0JX	TCGA-B5-A0JX-01	62	Endometrial Cancer	Uterine Endometrioid Carcinoma	2	Y	N	44.68267923	DiseaseFree	0.1203	Grade 3	Endometrioid	N	2	2	0.953263868	0	2	MSS	MSS	NA	NA	UEC	44.68	LIVING	Y	1	Primary	NA	Stage I
ucec_tcga_pub	TCGA-B5-A0JY	TCGA-B5-A0JY-01	50	Endometrial Cancer	Uterine Endometrioid Carcinoma	1	Y	Y	32.95347593	DiseaseFree	0.0003	Grade 3	Endometrioid	Y	2	4	0.923555802	0	1	MSS	MSS	8957	3_HIGHEST	UEC	32.95	LIVING	Y	1	Primary	POLE (Ultra-mutated)	Stage III
ucec_tcga_pub	TCGA-B5-A0JZ	TCGA-B5-A0JZ-01	60	Endometrial Cancer	Uterine Endometrioid Carcinoma	1	Y	Y	11.69634839	Recurred	0.0001	Grade 3	Endometrioid	Y	2	5	0.930343034	1	2	MSI-H	MSI-H	352	2_HIGH	UEC	28.62	LIVING	Y	1	Primary	MSI (Hyper-mutated)	Stage III
ucec_tcga_pub	TCGA-B5-A0K0	TCGA-B5-A0K0-01	48	Endometrial Cancer	Uterine Endometrioid Carcinoma	3	Y	Y	28.32093345	DiseaseFree	0.0888	Grade 1	Endometrioid	Y	3	5	0.890025216	0	2	MSS	MSS	20	1_LOW	UEC	28.32	LIVING	Y	1	Primary	Copy-number low (Endometriod)	Stage I
ucec_tcga_pub	TCGA-B5-A0K1	TCGA-B5-A0K1-01	69	Endometrial Cancer	Uterine Endometrioid Carcinoma	1	Y	Y	30.48935759	DiseaseFree	0.0000	Grade 1	Endometrioid	Y	4	6	0.936182815	0	2	MSS	MSS	39	1_LOW	UEC	30.49	LIVING	Y	1	Primary	Copy-number low (Endometriod)	Stage I
ucec_tcga_pub	TCGA-B5-A0K2	TCGA-B5-A0K2-01	54	Endometrial Cancer	Uterine Endometrioid Carcinoma	2	Y	Y	25.88967003	DiseaseFree	0.0004	Grade 1	Endometrioid	Y	2	4	0.78035969	1	3	MSI-H	MSI-H	195	2_HIGH	UEC	25.89	LIVING	Y	1	Primary	MSI (Hyper-mutated)	Stage I
ucec_tcga_pub	TCGA-B5-A0K3	TCGA-B5-A0K3-01	62	Endometrial Cancer	Uterine Endometrioid Carcinoma	4	Y	Y	7.95088851	Recurred	0.2142	Grade 3	Endometrioid	Y	3	4	0.923555802	0	1	MSS	MSS	35	1_LOW	UEC	27.24	DECEASED	Y	1	Primary	Copy-number high (Serous-like)	Stage I
ucec_tcga_pub	TCGA-B5-A0K4	TCGA-B5-A0K4-01	51	Endometrial Cancer	Uterine Endometrioid Carcinoma	2	Y	Y	17.87307169	DiseaseFree	0.3111	Grade 2	Endometrioid	Y	4	6	0.936182815	0	3	MSS	MSS	50	1_LOW	UEC	17.87	LIVING	Y	1	Primary	Copy-number low (Endometriod)	Stage I
ucec_tcga_pub	TCGA-B5-A0K6	TCGA-B5-A0K6-01	58	Endometrial Cancer	Uterine Endometrioid Carcinoma	2	Y	Y	13.99619217	DiseaseFree	0.0488	Grade 1	Endometrioid	Y	1	5	0.932869329	1	3	MSI-H	MSI-H	181	2_HIGH	UEC	14	LIVING	Y	1	Primary	MSI (Hyper-mutated)	Stage I
ucec_tcga_pub	TCGA-B5-A0K7	TCGA-B5-A0K7-01	64	Endometrial Cancer	Uterine Endometrioid Carcinoma	3	Y	Y	10.5464265	Recurred	0.1183	Grade 1	Endometrioid	Y	4	5	0.756697585	0	3	MSS	MSS	39	1_LOW	UEC	17.05	LIVING	Y	1	Primary	Copy-number low (Endometriod)	Stage I
ucec_tcga_pub	TCGA-B5-A0K8	TCGA-B5-A0K8-01	71	Endometrial Cancer	Uterine Serous Carcinoma/Uterine Papillary Serous Carcinoma	4	Y	Y	17.80736187	DiseaseFree	0.3133	Grade 3	Serous	Y	3	6	0.936182815	0	1	MSS	MSS	40	1_LOW	USC	17.81	LIVING	Y	1	Primary	Copy-number high (Serous-like)	Stage I
ucec_tcga_pub	TCGA-B5-A0K9	TCGA-B5-A0K9-01	88	Endometrial Cancer	Uterine Endometrioid Carcinoma	3	Y	N	NA	DiseaseFree	0.1183	Grade 1	Endometrioid	Y	1	1	0.913841183	1	NA	MSI-H	MSI-H	524	2_HIGH	UEC	NA	NA	N	1	Primary	NA	Stage II
ucec_tcga_pub	TCGA-B5-A0KB	TCGA-B5-A0KB-01	62	Endometrial Cancer	Uterine Endometrioid Carcinoma	4	Y	N	4.074008989	DiseaseFree	0.3567	Grade 3	Endometrioid	N	4	4	0.923555802	0	1	MSS	MSS	NA	NA	UEC	4.07	LIVING	Y	1	Primary	NA	Stage I
ucec_tcga_pub	TCGA-B5-A11E	TCGA-B5-A11E-01	53	Endometrial Cancer	Uterine Endometrioid Carcinoma	2	Y	Y	8.706551468	DiseaseFree	0.0790	Grade 3	Endometrioid	Y	2	3	0.897648505	1	1	MSI-L	MSS	8224	3_HIGHEST	UEC	8.71	LIVING	Y	1	Primary	POLE (Ultra-mutated)	Stage I
ucec_tcga_pub	TCGA-B5-A11F	TCGA-B5-A11F-01	55	Endometrial Cancer	Uterine Endometrioid Carcinoma	2	Y	Y	52.89640703	Recurred	0.0629	Grade 2	Endometrioid	Y	2	6	0.936182815	0	2	MSS	MSS	37	1_LOW	UEC	185.63	LIVING	Y	1	Primary	Copy-number low (Endometriod)	Stage I
ucec_tcga_pub	TCGA-B5-A11G	TCGA-B5-A11G-01	71	Endometrial Cancer	Uterine Endometrioid Carcinoma	2	Y	Y	NA	NA	0.0360	Grade 1	Endometrioid	Y	2	5	0.480973374	0	3	MSI-H	MSI-H	388	2_HIGH	UEC	113.25	LIVING	Y	1	Primary	MSI (Hyper-mutated)	Stage I
ucec_tcga_pub	TCGA-B5-A11H	TCGA-B5-A11H-01	67	Endometrial Cancer	Uterine Endometrioid Carcinoma	2	Y	Y	88.28114639	DiseaseFree	0.0670	Grade 2	Endometrioid	Y	2	6	0.936182815	0	2	MSI-H	MSI-H	729	3_HIGHEST	UEC	88.28	LIVING	Y	1	Primary	MSI (Hyper-mutated)	Stage I
ucec_tcga_pub	TCGA-B5-A11I	TCGA-B5-A11I-01	65	Endometrial Cancer	Uterine Endometrioid Carcinoma	4	Y	Y	22.96558293	Recurred	0.2983	Grade 3	Endometrioid	Y	3	4	0.923555802	0	1	MSS	MSS	37	1_LOW	UEC	75.66	LIVING	Y	1	Primary	Copy-number high (Serous-like)	Stage IV
ucec_tcga_pub	TCGA-B5-A11J	TCGA-B5-A11J-01	64	Endometrial Cancer	Uterine Endometrioid Carcinoma	1	Y	Y	54.40773295	DiseaseFree	0.0000	Grade 2	Endometrioid	Y	2	6	0.936182815	1	2	MSI-H	MSI-H	317	2_HIGH	UEC	54.41	LIVING	Y	1	Primary	MSI (Hyper-mutated)	Stage I
ucec_tcga_pub	TCGA-B5-A11L	TCGA-B5-A11L-01	71	Endometrial Cancer	Uterine Endometrioid Carcinoma	2	Y	N	45.86545604	DiseaseFree	0.0678	Grade 2	Endometrioid	N	2	2	0.953263868	0	3	MSS	MSS	NA	NA	UEC	45.87	LIVING	Y	1	Primary	NA	Stage I
ucec_tcga_pub	TCGA-B5-A11M	TCGA-B5-A11M-01	43	Endometrial Cancer	Uterine Endometrioid Carcinoma	NA	N	N	44.71553414	DiseaseFree	NA	Grade 1	Endometrioid	Y	3	1	0.820773525	0	2	MSS	MSS	30	1_LOW	UEC	44.72	LIVING	Y	1	Primary	NA	Stage I
ucec_tcga_pub	TCGA-B5-A11N	TCGA-B5-A11N-01	69	Endometrial Cancer	Uterine Endometrioid Carcinoma	2	Y	Y	43.92701627	DiseaseFree	0.0279	Grade 1	Endometrioid	Y	2	5	0.932869329	NA	3	MSI-L	MSS	1568	3_HIGHEST	UEC	43.93	LIVING	Y	1	Primary	POLE (Ultra-mutated)	Stage I
ucec_tcga_pub	TCGA-B5-A11O	TCGA-B5-A11O-01	62	Endometrial Cancer	Uterine Endometrioid Carcinoma	1	Y	Y	40.90436444	DiseaseFree	0.0001	Grade 1	Endometrioid	Y	4	4	0.879877208	1	3	MSI-L	MSS	54	1_LOW	UEC	40.9	LIVING	Y	1	Primary	Copy-number low (Endometriod)	Stage I
ucec_tcga_pub	TCGA-B5-A11P	TCGA-B5-A11P-01	87	Endometrial Cancer	Uterine Endometrioid Carcinoma	4	Y	N	36.79750054	DiseaseFree	0.6382	Grade 3	Endometrioid	N	2	6	0.936182815	0	2	MSI-L	MSS	NA	NA	UEC	36.8	LIVING	Y	1	Primary	NA	Stage I
ucec_tcga_pub	TCGA-B5-A11Q	TCGA-B5-A11Q-01	64	Endometrial Cancer	Uterine Endometrioid Carcinoma	3	Y	Y	32.03353842	DiseaseFree	0.1120	Grade 1	Endometrioid	Y	1	6	0.936182815	0	2	MSS	MSS	42	1_LOW	UEC	32.03	LIVING	Y	1	Primary	Copy-number low (Endometriod)	Stage III
ucec_tcga_pub	TCGA-B5-A11R	TCGA-B5-A11R-01	51	Endometrial Cancer	Uterine Endometrioid Carcinoma	3	Y	N	33.47915451	DiseaseFree	0.3046	Grade 3	Endometrioid	Y	2	3	0.366698565	1	NA	MSS	MSS	536	2_HIGH	UEC	33.48	LIVING	N	1	Primary	NA	Stage II
ucec_tcga_pub	TCGA-B5-A11S	TCGA-B5-A11S-01	63	Endometrial Cancer	Uterine Endometrioid Carcinoma	3	Y	Y	1.314196448	Recurred	0.1509	Grade 2	Endometrioid	Y	2	6	0.936182815	0	2	MSS	MSS	43	1_LOW	UEC	27.3	LIVING	Y	1	Primary	Copy-number low (Endometriod)	Stage I
ucec_tcga_pub	TCGA-B5-A11U	TCGA-B5-A11U-01	74	Endometrial Cancer	Uterine Endometrioid Carcinoma	1	Y	Y	16.7231498	DiseaseFree	0.0001	Grade 3	Endometrioid	Y	3	2	0.953263868	1	1	MSI-H	MSI-H	229	2_HIGH	UEC	16.72	LIVING	Y	1	Primary	MSI (Hyper-mutated)	Stage IV
ucec_tcga_pub	TCGA-B5-A11V	TCGA-B5-A11V-01	64	Endometrial Cancer	Uterine Endometrioid Carcinoma	2	Y	Y	19.51581725	DiseaseFree	0.1219	Grade 1	Endometrioid	Y	4	5	0.762721706	0	2	MSS	MSS	50	1_LOW	UEC	19.52	LIVING	Y	1	Primary	Copy-number low (Endometriod)	Stage I
ucec_tcga_pub	TCGA-B5-A11W	TCGA-B5-A11W-01	61	Endometrial Cancer	Uterine Endometrioid Carcinoma	2	Y	Y	19.45010743	DiseaseFree	0.0009	Grade 2	Endometrioid	Y	2	6	0.936182815	0	2	MSS	MSS	65	1_LOW	UEC	19.45	LIVING	Y	1	Primary	Copy-number low (Endometriod)	Stage I
ucec_tcga_pub	TCGA-B5-A11X	TCGA-B5-A11X-01	66	Endometrial Cancer	Uterine Endometrioid Carcinoma	NA	N	N	13.01054484	Recurred	NA	Grade 3	Endometrioid	Y	4	3	0.888897494	0	1	MSI-L	MSI-L	52	1_LOW	UEC	19.55	LIVING	Y	1	Primary	NA	Stage III
ucec_tcga_pub	TCGA-B5-A11Y	TCGA-B5-A11Y-01	59	Endometrial Cancer	Uterine Endometrioid Carcinoma	1	Y	Y	18.36589536	DiseaseFree	0.0000	Grade 1	Endometrioid	Y	4	4	0.921320947	0	3	MSI-L	MSI-L	814	3_HIGHEST	UEC	18.37	LIVING	Y	1	Primary	Copy-number low (Endometriod)	Stage I
ucec_tcga_pub	TCGA-B5-A11Z	TCGA-B5-A11Z-01	61	Endometrial Cancer	Uterine Endometrioid Carcinoma	3	Y	Y	17.34739311	DiseaseFree	0.0343	Grade 1	Endometrioid	Y	1	5	0.932869329	0	2	MSS	MSS	47	1_LOW	UEC	17.35	LIVING	Y	1	Primary	Copy-number low (Endometriod)	Stage I
ucec_tcga_pub	TCGA-B5-A121	TCGA-B5-A121-01	57	Endometrial Cancer	Uterine Endometrioid Carcinoma	1	Y	Y	16.55887524	DiseaseFree	0.0001	Grade 1	Endometrioid	Y	4	2	0.953263868	0	2	MSS	MSS	25	1_LOW	UEC	16.56	LIVING	Y	1	Primary	Copy-number low (Endometriod)	Stage III
ucec_tcga_pub	TCGA-B5-A1MR	TCGA-B5-A1MR-01	65	Endometrial Cancer	Uterine Endometrioid Carcinoma	2	Y	N	191.7084069	DiseaseFree	0.0499	Grade 3	Endometrioid	N	2	4	0.886489497	0	1	MSS	MSS	NA	NA	UEC	191.71	LIVING	Y	1	Primary	NA	Stage III
ucec_tcga_pub	TCGA-B5-A1MU	TCGA-B5-A1MU-01	79	Endometrial Cancer	Uterine Serous Carcinoma/Uterine Papillary Serous Carcinoma	4	Y	Y	44.84695379	Recurred	0.1350	Grade 3	Serous	Y	3	2	0.912165907	0	1	MSS	MSS	26	1_LOW	USC	50.83	DECEASED	Y	1	Primary	Copy-number high (Serous-like)	Stage IV
ucec_tcga_pub	TCGA-B5-A1MV	TCGA-B5-A1MV-01	84	Endometrial Cancer	Uterine Endometrioid Carcinoma	2	Y	N	14.39045111	DiseaseFree	0.1008	Grade 2	Endometrioid	N	2	2	0.953263868	0	NA	MSI-L	MSI-L	NA	NA	UEC	14.39	LIVING	N	1	Primary	NA	Stage I
ucec_tcga_pub	TCGA-B5-A1MW	TCGA-B5-A1MW-01	55	Endometrial Cancer	Uterine Endometrioid Carcinoma	2	Y	N	10.21787738	Recurred	0.0499	Grade 3	Endometrioid	N	2	5	0.932869329	0	NA	MSI-H	MSI-H	NA	NA	UEC	14.69	LIVING	N	1	Primary	NA	Stage I
ucec_tcga_pub	TCGA-B5-A1MX	TCGA-B5-A1MX-01	47	Endometrial Cancer	Uterine Endometrioid Carcinoma	1	Y	N	11.66349348	DiseaseFree	0.0008	Grade 3	Endometrioid	N	1	3	0.897648505	1	2	MSI-H	MSI-H	NA	NA	UEC	11.66	LIVING	Y	1	Primary	NA	Stage I
ucec_tcga_pub	TCGA-B5-A1MY	TCGA-B5-A1MY-01	62	Endometrial Cancer	Uterine Serous Carcinoma/Uterine Papillary Serous Carcinoma	4	Y	Y	10.94068543	Recurred	0.5939	Grade 3	Serous	Y	3	1	0.86844934	0	1	MSS	MSS	43	1_LOW	USC	11.86	DECEASED	Y	1	Primary	Copy-number high (Serous-like)	Stage III
ucec_tcga_pub	TCGA-B5-A1MZ	TCGA-B5-A1MZ-01	54	Endometrial Cancer	Uterine Endometrioid Carcinoma	3	Y	N	15.27753371	DiseaseFree	0.0341	Grade 1	Endometrioid	N	4	5	0.932869329	0	NA	MSI-L	MSI-L	NA	NA	UEC	15.28	LIVING	N	1	Primary	NA	Unknown
ucec_tcga_pub	TCGA-B5-A1N2	TCGA-B5-A1N2-01	70	Endometrial Cancer	Uterine Serous Carcinoma/Uterine Papillary Serous Carcinoma	4	Y	N	NA	NA	0.5747	Grade 3	Serous	N	3	2	0.953263868	0	1	MSS	MSS	NA	NA	USC	12.78	LIVING	Y	1	Primary	NA	Stage III
ucec_tcga_pub	TCGA-BG-A0LW	TCGA-BG-A0LW-01	47	Endometrial Cancer	Uterine Endometrioid Carcinoma	1	Y	Y	18.56302483	DiseaseFree	0.0001	Grade 2	Endometrioid	Y	4	5	0.932869329	0	2	MSS	MSS	27	1_LOW	UEC	18.56	LIVING	Y	1	Primary	Copy-number low (Endometriod)	Stage I
ucec_tcga_pub	TCGA-BG-A0LX	TCGA-BG-A0LX-01	57	Endometrial Cancer	Uterine Endometrioid Carcinoma	2	Y	Y	20.14006057	DiseaseFree	0.0811	Grade 2	Endometrioid	Y	1	3	0.897648505	1	2	MSI-H	MSI-H	322	2_HIGH	UEC	20.14	LIVING	Y	1	Primary	MSI (Hyper-mutated)	Stage I
ucec_tcga_pub	TCGA-BG-A0M0	TCGA-BG-A0M0-01	66	Endometrial Cancer	Uterine Endometrioid Carcinoma	2	Y	Y	19.28583287	DiseaseFree	0.1187	Grade 1	Endometrioid	Y	1	6	0.936182815	1	3	MSI-H	MSI-H	110	2_HIGH	UEC	19.29	LIVING	Y	1	Primary	MSI (Hyper-mutated)	Stage I
ucec_tcga_pub	TCGA-BG-A0M2	TCGA-BG-A0M2-01	62	Endometrial Cancer	Uterine Endometrioid Carcinoma	2	Y	Y	20.89572352	DiseaseFree	0.3315	Grade 2	Endometrioid	Y	4	6	0.936182815	0	2	MSS	MSS	24	1_LOW	UEC	20.9	LIVING	Y	1	Primary	Copy-number low (Endometriod)	Stage I
ucec_tcga_pub	TCGA-BG-A0M3	TCGA-BG-A0M3-01	74	Endometrial Cancer	Uterine Endometrioid Carcinoma	3	Y	Y	35.1876099	DiseaseFree	0.1516	Grade 2	Endometrioid	Y	1	5	0.396873131	0	2	MSS	MSS	59	1_LOW	UEC	35.19	LIVING	Y	1	Primary	Copy-number low (Endometriod)	Stage I
ucec_tcga_pub	TCGA-BG-A0M4	TCGA-BG-A0M4-01	60	Endometrial Cancer	Uterine Endometrioid Carcinoma	2	Y	Y	34.95762552	DiseaseFree	0.1939	Grade 3	Endometrioid	Y	2	4	0.923555802	1	3	MSI-H	MSI-H	334	2_HIGH	UEC	34.96	LIVING	Y	1	Primary	MSI (Hyper-mutated)	Stage I
ucec_tcga_pub	TCGA-BG-A0M6	TCGA-BG-A0M6-01	73	Endometrial Cancer	Uterine Serous Carcinoma/Uterine Papillary Serous Carcinoma	4	Y	Y	22.04564542	DiseaseFree	0.6552	Grade 3	Serous	Y	3	4	0.757451043	0	1	MSS	MSS	38	1_LOW	USC	22.05	DECEASED	Y	1	Primary	Copy-number high (Serous-like)	Stage III
ucec_tcga_pub	TCGA-BG-A0M7	TCGA-BG-A0M7-01	60	Endometrial Cancer	Uterine Endometrioid Carcinoma	1	Y	Y	38.34168137	DiseaseFree	0.0001	Grade 2	Endometrioid	Y	2	4	0.190161319	0	3	MSS	MSS	45	1_LOW	UEC	38.34	LIVING	Y	1	Primary	Copy-number low (Endometriod)	Stage III
ucec_tcga_pub	TCGA-BG-A0M8	TCGA-BG-A0M8-01	50	Endometrial Cancer	Uterine Endometrioid Carcinoma	4	Y	Y	36.46895143	DiseaseFree	0.3080	Grade 3	Endometrioid	Y	3	5	0.900667706	0	3	MSS	MSS	45	1_LOW	UEC	36.47	LIVING	Y	1	Primary	Copy-number high (Serous-like)	Stage I
ucec_tcga_pub	TCGA-BG-A0M9	TCGA-BG-A0M9-01	73	Endometrial Cancer	Uterine Endometrioid Carcinoma	2	Y	Y	28.25522363	DiseaseFree	0.0498	Grade 2	Endometrioid	Y	2	6	0.576051552	0	3	MSS	MSS	46	1_LOW	UEC	28.26	LIVING	Y	1	Primary	Copy-number low (Endometriod)	Stage I
ucec_tcga_pub	TCGA-BG-A0MA	TCGA-BG-A0MA-01	60	Endometrial Cancer	Uterine Endometrioid Carcinoma	2	Y	N	2.792667452	Recurred	0.0499	Grade 3	Endometrioid	N	4	6	0.936182815	0	2	MSS	MSS	NA	NA	UEC	10.71	DECEASED	Y	1	Primary	NA	Stage I
ucec_tcga_pub	TCGA-BG-A0MC	TCGA-BG-A0MC-01	74	Endometrial Cancer	Uterine Endometrioid Carcinoma	2	Y	Y	41.49575285	DiseaseFree	0.0296	Grade 1	Endometrioid	Y	2	4	0.739984154	0	3	MSS	MSS	44	1_LOW	UEC	41.5	LIVING	Y	1	Primary	Copy-number low (Endometriod)	Stage I
ucec_tcga_pub	TCGA-BG-A0MG	TCGA-BG-A0MG-01	73	Endometrial Cancer	Uterine Endometrioid Carcinoma	2	Y	Y	48.52670384	DiseaseFree	0.0938	Grade 1	Endometrioid	Y	2	4	0.798974359	0	1	MSS	MSS	85	1_LOW	UEC	48.53	LIVING	Y	1	Primary	Copy-number low (Endometriod)	Stage I
ucec_tcga_pub	TCGA-BG-A0MH	TCGA-BG-A0MH-01	61	Endometrial Cancer	Uterine Endometrioid Carcinoma	NA	N	N	NA	NA	NA	Grade 2	Endometrioid	N	4	5	0.867965161	0	3	MSS	MSS	NA	NA	UEC	44.06	LIVING	Y	1	Primary	NA	Stage I
ucec_tcga_pub	TCGA-BG-A0MI	TCGA-BG-A0MI-01	83	Endometrial Cancer	Uterine Endometrioid Carcinoma	1	Y	Y	23.4584066	DiseaseFree	0.0000	Grade 2	Endometrioid	Y	2	5	0.932869329	0	3	MSS	MSS	50	1_LOW	UEC	23.46	DECEASED	Y	1	Primary	Copy-number low (Endometriod)	Stage I
ucec_tcga_pub	TCGA-BG-A0MO	TCGA-BG-A0MO-01	63	Endometrial Cancer	Uterine Endometrioid Carcinoma	2	Y	Y	NA	NA	0.0433	Grade 1	Endometrioid	Y	2	5	0.900509523	0	2	MSS	MSS	36	1_LOW	UEC	42.97	LIVING	Y	1	Primary	Copy-number low (Endometriod)	Stage I
ucec_tcga_pub	TCGA-BG-A0MQ	TCGA-BG-A0MQ-01	71	Endometrial Cancer	Uterine Endometrioid Carcinoma	2	Y	Y	39.2944738	DiseaseFree	0.0493	Grade 1	Endometrioid	Y	1	3	0.897648505	1	2	MSI-H	MSI-H	421	2_HIGH	UEC	39.29	LIVING	Y	1	Primary	MSI (Hyper-mutated)	Stage I
ucec_tcga_pub	TCGA-BG-A0MS	TCGA-BG-A0MS-01	53	Endometrial Cancer	Uterine Endometrioid Carcinoma	3	Y	Y	30.78505179	DiseaseFree	0.1663	Grade 3	Endometrioid	Y	2	5	0.932869329	0	2	MSS	MSS	39	1_LOW	UEC	30.79	LIVING	Y	1	Primary	Copy-number low (Endometriod)	Stage III
ucec_tcga_pub	TCGA-BG-A0MT	TCGA-BG-A0MT-01	64	Endometrial Cancer	Uterine Endometrioid Carcinoma	3	Y	Y	18.56302483	Recurred	0.1556	Grade 2	Endometrioid	Y	4	6	0.936182815	0	2	MSS	MSS	41	1_LOW	UEC	21.16	LIVING	Y	1	Primary	Copy-number low (Endometriod)	Stage I
ucec_tcga_pub	TCGA-BG-A0MU	TCGA-BG-A0MU-01	78	Endometrial Cancer	Uterine Endometrioid Carcinoma	2	Y	Y	7.589484487	DiseaseFree	0.0495	Grade 1	Endometrioid	Y	1	5	0.932869329	0	2	MSS	MSS	51	1_LOW	UEC	7.59	LIVING	Y	1	Primary	Copy-number low (Endometriod)	Stage III
ucec_tcga_pub	TCGA-BG-A0RY	TCGA-BG-A0RY-01	68	Endometrial Cancer	Uterine Endometrioid Carcinoma	3	Y	Y	15.40895335	DiseaseFree	0.3342	Grade 2	Endometrioid	Y	2	5	0.875250932	0	3	MSS	MSS	44	1_LOW	UEC	15.41	LIVING	Y	1	Primary	Copy-number low (Endometriod)	Stage I
ucec_tcga_pub	TCGA-BG-A0VT	TCGA-BG-A0VT-01	56	Endometrial Cancer	Uterine Endometrioid Carcinoma	2	Y	Y	7.359500109	DiseaseFree	0.0492	Grade 2	Endometrioid	Y	4	5	0.930343034	0	2	MSS	MSS	27	1_LOW	UEC	7.36	LIVING	Y	1	Primary	Copy-number low (Endometriod)	Stage III
ucec_tcga_pub	TCGA-BG-A0VV	TCGA-BG-A0VV-01	53	Endometrial Cancer	Uterine Endometrioid Carcinoma	2	Y	Y	8.542276912	DiseaseFree	0.0342	Grade 1	Endometrioid	Y	4	6	0.936182815	0	2	MSS	MSS	35	1_LOW	UEC	8.54	LIVING	Y	1	Primary	Copy-number low (Endometriod)	Stage I
ucec_tcga_pub	TCGA-BG-A0VW	TCGA-BG-A0VW-01	77	Endometrial Cancer	Uterine Endometrioid Carcinoma	2	Y	Y	4.303993367	DiseaseFree	0.0117	Grade 1	Endometrioid	Y	2	6	0.936182815	1	3	MSI-H	MSI-H	216	2_HIGH	UEC	4.3	LIVING	Y	1	Primary	MSI (Hyper-mutated)	Stage I
ucec_tcga_pub	TCGA-BG-A0VX	TCGA-BG-A0VX-01	58	Endometrial Cancer	Uterine Endometrioid Carcinoma	1	Y	Y	16.09890649	DiseaseFree	0.0000	Grade 1	Endometrioid	Y	4	4	0.918013002	0	3	MSS	MSS	161	2_HIGH	UEC	16.1	LIVING	Y	1	Primary	Copy-number low (Endometriod)	Stage I
ucec_tcga_pub	TCGA-BG-A0VZ	TCGA-BG-A0VZ-01	58	Endometrial Cancer	Uterine Endometrioid Carcinoma	2	Y	Y	NA	NA	0.0026	Grade 2	Endometrioid	Y	1	6	0.936182815	1	2	MSI-H	MSI-H	234	2_HIGH	UEC	28.52	LIVING	Y	1	Primary	MSI (Hyper-mutated)	Stage I
ucec_tcga_pub	TCGA-BG-A0W1	TCGA-BG-A0W1-01	89	Endometrial Cancer	Uterine Endometrioid Carcinoma	3	Y	Y	29.79940446	DiseaseFree	0.1698	Grade 2	Endometrioid	Y	1	6	0.936182815	0	2	MSS	MSS	63	1_LOW	UEC	29.8	LIVING	Y	1	Primary	Copy-number low (Endometriod)	Stage I
ucec_tcga_pub	TCGA-BG-A0W2	TCGA-BG-A0W2-01	57	Endometrial Cancer	Uterine Endometrioid Carcinoma	2	Y	Y	37.81600279	DiseaseFree	0.0465	Grade 1	Endometrioid	Y	4	6	0.936182815	0	2	MSS	MSS	33	1_LOW	UEC	37.82	LIVING	Y	1	Primary	Copy-number low (Endometriod)	Stage I
ucec_tcga_pub	TCGA-BG-A0YU	TCGA-BG-A0YU-01	37	Endometrial Cancer	Uterine Endometrioid Carcinoma	2	Y	Y	14.81756495	DiseaseFree	0.0495	Grade 1	Endometrioid	Y	3	3	0.897648505	0	2	MSS	MSS	15	1_LOW	UEC	14.82	LIVING	Y	1	Primary	Copy-number low (Endometriod)	Stage I
ucec_tcga_pub	TCGA-BG-A0YV	TCGA-BG-A0YV-01	67	Endometrial Cancer	Uterine Serous Carcinoma/Uterine Papillary Serous Carcinoma	4	Y	Y	12.55057608	DiseaseFree	0.2432	Grade 3	Serous	Y	4	4	0.877287726	0	1	MSS	MSS	69	1_LOW	USC	12.55	LIVING	Y	1	Primary	Copy-number high (Serous-like)	Stage III
ucec_tcga_pub	TCGA-BG-A186	TCGA-BG-A186-01	61	Endometrial Cancer	Uterine Endometrioid Carcinoma	2	Y	Y	13.76620779	DiseaseFree	0.0496	Grade 2	Endometrioid	Y	4	5	0.932869329	0	2	MSS	MSS	27	1_LOW	UEC	13.77	LIVING	Y	1	Primary	Copy-number low (Endometriod)	Stage III
ucec_tcga_pub	TCGA-BG-A187	TCGA-BG-A187-01	65	Endometrial Cancer	Uterine Endometrioid Carcinoma	2	Y	Y	14.71900022	DiseaseFree	0.0465	Grade 2	Endometrioid	Y	1	6	0.936182815	0	3	MSI-L	MSI-L	77	1_LOW	UEC	14.72	LIVING	Y	1	Primary	Copy-number low (Endometriod)	Stage I
ucec_tcga_pub	TCGA-BG-A18A	TCGA-BG-A18A-01	74	Endometrial Cancer	Uterine Endometrioid Carcinoma	2	Y	Y	13.99619217	DiseaseFree	0.0464	Grade 1	Endometrioid	Y	2	2	0.953263868	0	3	MSS	MSS	51	1_LOW	UEC	14	LIVING	Y	1	Primary	Copy-number low (Endometriod)	Stage I
ucec_tcga_pub	TCGA-BG-A18B	TCGA-BG-A18B-01	53	Endometrial Cancer	Uterine Endometrioid Carcinoma	1	Y	Y	15.44180826	DiseaseFree	0.0005	Grade 2	Endometrioid	Y	1	1	0.807377395	1	2	MSI-H	MSI-H	263	2_HIGH	UEC	15.44	LIVING	Y	1	Primary	MSI (Hyper-mutated)	Stage I
ucec_tcga_pub	TCGA-BG-A18C	TCGA-BG-A18C-01	72	Endometrial Cancer	Uterine Endometrioid Carcinoma	4	Y	Y	15.44180826	DiseaseFree	0.8304	Grade 2	Endometrioid	Y	3	3	0.45957569	0	1	MSS	MSS	39	1_LOW	UEC	15.44	LIVING	Y	1	Primary	Copy-number high (Serous-like)	Stage I
ucec_tcga_pub	TCGA-BG-A220	TCGA-BG-A220-01	69	Endometrial Cancer	Uterine Endometrioid Carcinoma	1	Y	N	14.25903146	DiseaseFree	0.0000	Grade 3	Endometrioid	N	4	NA	NA	1	1	MSI-H	MSI-H	NA	NA	UEC	14.26	LIVING	Y	1	Primary	NA	Stage I
ucec_tcga_pub	TCGA-BG-A221	TCGA-BG-A221-01	84	Endometrial Cancer	Uterine Endometrioid Carcinoma	2	Y	N	1.807020116	DiseaseFree	0.1407	Grade 3	Endometrioid	N	4	4	0.923555802	0	1	MSI-H	MSI-H	NA	NA	UEC	1.81	LIVING	Y	1	Primary	NA	Stage I
ucec_tcga_pub	TCGA-BG-A222	TCGA-BG-A222-01	49	Endometrial Cancer	Uterine Endometrioid Carcinoma	2	Y	N	9.560779159	DiseaseFree	0.0443	Grade 3	Endometrioid	N	1	5	0.932869329	0	1	MSI-H	MSI-H	NA	NA	UEC	9.56	LIVING	Y	1	Primary	NA	Stage I
ucec_tcga_pub	TCGA-BG-A2AD	TCGA-BG-A2AD-01	63	Endometrial Cancer	Uterine Endometrioid Carcinoma	1	Y	N	NA	NA	0.0016	Grade 3	Endometrioid	N	1	1	0.918650794	0	1	MSI-H	MSI-H	NA	NA	UEC	0	LIVING	Y	1	Primary	NA	Stage III
ucec_tcga_pub	TCGA-BG-A2AE	TCGA-BG-A2AE-01	57	Endometrial Cancer	Uterine Endometrioid Carcinoma	2	Y	Y	NA	NA	0.2380	Grade 3	Endometrioid	Y	2	3	0.822827613	0	1	MSS	MSS	47	1_LOW	UEC	0.53	LIVING	Y	1	Primary	Copy-number low (Endometriod)	Stage I
ucec_tcga_pub	TCGA-BK-A0C9	TCGA-BK-A0C9-01	57	Endometrial Cancer	Uterine Endometrioid Carcinoma	2	Y	Y	NA	Recurred	0.5839	Grade 1	Endometrioid	Y	1	6	0.936182815	1	3	MSI-H	MSI-H	342	2_HIGH	UEC	12.68	LIVING	Y	1	Primary	MSI (Hyper-mutated)	Stage I
ucec_tcga_pub	TCGA-BK-A0CA	TCGA-BK-A0CA-01	61	Endometrial Cancer	Endometrial Carcinoma	1	Y	Y	12.18917206	DiseaseFree	0.0011	Grade 3	Mixed	Y	4	2	0.953263868	0	2	MSS	MSS	37	1_LOW	UCEC	12.19	LIVING	Y	1	Primary	Copy-number low (Endometriod)	Stage III
ucec_tcga_pub	TCGA-BK-A0CB	TCGA-BK-A0CB-01	60	Endometrial Cancer	Uterine Endometrioid Carcinoma	2	Y	Y	6.176723306	DiseaseFree	0.0500	Grade 2	Endometrioid	Y	4	NA	NA	0	3	MSS	MSS	55	1_LOW	UEC	6.18	LIVING	Y	1	Primary	Copy-number low (Endometriod)	Unknown
ucec_tcga_pub	TCGA-BK-A0CC	TCGA-BK-A0CC-01	69	Endometrial Cancer	Uterine Serous Carcinoma/Uterine Papillary Serous Carcinoma	4	Y	Y	10.21787738	DiseaseFree	0.5615	Grade 3	Serous	Y	3	4	0.886489497	0	1	MSS	MSS	33	1_LOW	USC	10.22	LIVING	Y	1	Primary	Copy-number high (Serous-like)	Stage III
ucec_tcga_pub	TCGA-BK-A139	TCGA-BK-A139-01	74	Endometrial Cancer	Uterine Endometrioid Carcinoma	4	Y	Y	10.15216756	DiseaseFree	0.4531	Grade 3	Endometrioid	Y	2	4	0.877287726	0	1	MSS	MSS	78	1_LOW	UEC	10.15	LIVING	Y	1	Primary	Copy-number high (Serous-like)	Stage I
ucec_tcga_pub	TCGA-BK-A13C	TCGA-BK-A13C-01	47	Endometrial Cancer	Uterine Endometrioid Carcinoma	3	Y	Y	13.53622341	DiseaseFree	0.0343	Grade 2	Endometrioid	Y	2	6	0.936182815	0	2	MSS	MSS	37	1_LOW	UEC	13.54	LIVING	Y	1	Primary	Copy-number low (Endometriod)	Stage I
ucec_tcga_pub	TCGA-BK-A26L	TCGA-BK-A26L-01	71	Endometrial Cancer	Uterine Serous Carcinoma/Uterine Papillary Serous Carcinoma	4	Y	N	11.92633277	DiseaseFree	0.4027	Grade 3	Serous	N	3	4	0.877287726	0	1	MSS	MSS	NA	NA	USC	11.93	LIVING	Y	1	Primary	NA	Stage III
ucec_tcga_pub	TCGA-BS-A0T9	TCGA-BS-A0T9-01	39	Endometrial Cancer	Uterine Endometrioid Carcinoma	2	Y	Y	20.79715879	Recurred	0.0504	Grade 3	Endometrioid	Y	4	4	0.877287726	0	3	MSS	MSS	52	1_LOW	UEC	46.92	DECEASED	Y	1	Primary	Copy-number low (Endometriod)	Stage IV
ucec_tcga_pub	TCGA-BS-A0TA	TCGA-BS-A0TA-01	58	Endometrial Cancer	Uterine Endometrioid Carcinoma	2	Y	Y	12.94483501	Recurred	0.0005	Grade 3	Endometrioid	Y	4	4	0.923555802	1	3	MSI-H	MSI-H	291	2_HIGH	UEC	23.46	LIVING	Y	1	Primary	MSI (Hyper-mutated)	Stage IV
ucec_tcga_pub	TCGA-BS-A0TC	TCGA-BS-A0TC-01	69	Endometrial Cancer	Uterine Endometrioid Carcinoma	1	Y	Y	74.25209931	DiseaseFree	0.0005	Grade 1	Endometrioid	Y	1	5	0.932869329	0	3	MSS	MSS	1200	3_HIGHEST	UEC	74.25	LIVING	Y	1	Primary	POLE (Ultra-mutated)	Stage I
ucec_tcga_pub	TCGA-BS-A0TD	TCGA-BS-A0TD-01	65	Endometrial Cancer	Uterine Endometrioid Carcinoma	1	Y	Y	65.77553222	DiseaseFree	0.0001	Grade 1	Endometrioid	Y	4	4	0.923555802	0	3	MSS	MSS	28	1_LOW	UEC	65.78	LIVING	Y	1	Primary	Copy-number low (Endometriod)	Stage I
ucec_tcga_pub	TCGA-BS-A0TE	TCGA-BS-A0TE-01	35	Endometrial Cancer	Uterine Endometrioid Carcinoma	4	Y	Y	1.90558485	Recurred	0.6335	Grade 3	Endometrioid	Y	3	5	0.930343034	1	1	MSI-H	MSI-H	229	2_HIGH	UEC	4.8	DECEASED	Y	1	Primary	MSI (Hyper-mutated)	Unknown
ucec_tcga_pub	TCGA-BS-A0TG	TCGA-BS-A0TG-01	60	Endometrial Cancer	Uterine Endometrioid Carcinoma	2	Y	Y	NA	Recurred	0.0498	Grade 2	Endometrioid	Y	4	4	0.923555802	0	3	MSS	MSS	35	1_LOW	UEC	61.77	LIVING	Y	1	Primary	Copy-number low (Endometriod)	Stage I
ucec_tcga_pub	TCGA-BS-A0TI	TCGA-BS-A0TI-01	64	Endometrial Cancer	Uterine Endometrioid Carcinoma	4	Y	Y	47.40963686	DiseaseFree	0.3669	Grade 3	Endometrioid	Y	4	5	0.909680147	0	3	MSS	MSS	75	1_LOW	UEC	47.41	LIVING	Y	1	Primary	Copy-number high (Serous-like)	Stage I
ucec_tcga_pub	TCGA-BS-A0TJ	TCGA-BS-A0TJ-01	59	Endometrial Cancer	Uterine Endometrioid Carcinoma	1	Y	Y	49.74233556	DiseaseFree	0.0002	Grade 3	Endometrioid	Y	1	3	0.840372671	1	1	MSI-H	MSI-H	456	2_HIGH	UEC	49.74	LIVING	Y	1	Primary	MSI (Hyper-mutated)	Stage I
ucec_tcga_pub	TCGA-BS-A0U5	TCGA-BS-A0U5-01	76	Endometrial Cancer	Uterine Endometrioid Carcinoma	2	Y	Y	72.41222428	DiseaseFree	0.0001	Grade 1	Endometrioid	Y	4	4	0.869465256	0	2	MSS	MSS	57	1_LOW	UEC	72.41	LIVING	Y	1	Primary	Copy-number low (Endometriod)	Stage I
ucec_tcga_pub	TCGA-BS-A0U7	TCGA-BS-A0U7-01	63	Endometrial Cancer	Uterine Endometrioid Carcinoma	3	Y	Y	30.68648706	DiseaseFree	0.0908	Grade 2	Endometrioid	Y	1	4	0.920652251	1	2	MSI-L	MSI-H	120	2_HIGH	UEC	30.69	DECEASED	Y	1	Primary	MSI (Hyper-mutated)	Stage I
ucec_tcga_pub	TCGA-BS-A0U8	TCGA-BS-A0U8-01	55	Endometrial Cancer	Uterine Endometrioid Carcinoma	2	Y	Y	85.61989859	DiseaseFree	0.0034	Grade 1	Endometrioid	Y	1	5	0.932869329	1	2	MSI-H	MSI-H	279	2_HIGH	UEC	85.62	LIVING	Y	1	Primary	MSI (Hyper-mutated)	Stage III
ucec_tcga_pub	TCGA-BS-A0U9	TCGA-BS-A0U9-01	59	Endometrial Cancer	Uterine Endometrioid Carcinoma	4	Y	Y	57.46323969	DiseaseFree	0.6511	Grade 3	Endometrioid	Y	3	3	0.897648505	0	1	MSS	MSS	38	1_LOW	UEC	57.46	LIVING	Y	1	Primary	Copy-number high (Serous-like)	Stage I
ucec_tcga_pub	TCGA-BS-A0UA	TCGA-BS-A0UA-01	68	Endometrial Cancer	Uterine Endometrioid Carcinoma	1	Y	Y	17.05169891	Recurred	0.0000	Grade 1	Endometrioid	Y	2	5	0.932869329	1	2	MSI-H	MSI-H	239	2_HIGH	UEC	83.45	LIVING	Y	1	Primary	MSI (Hyper-mutated)	Stage I
ucec_tcga_pub	TCGA-BS-A0UF	TCGA-BS-A0UF-01	65	Endometrial Cancer	Uterine Endometrioid Carcinoma	1	Y	Y	60.55160134	DiseaseFree	0.0001	Grade 3	Endometrioid	Y	4	5	-0.14185334	0	1	MSS	MSS	7401	3_HIGHEST	UEC	60.55	LIVING	Y	1	Primary	POLE (Ultra-mutated)	Stage I
ucec_tcga_pub	TCGA-BS-A0UJ	TCGA-BS-A0UJ-01	68	Endometrial Cancer	Uterine Endometrioid Carcinoma	1	Y	Y	0.887082602	DiseaseFree	0.0001	Grade 1	Endometrioid	Y	4	6	0.936182815	0	3	MSI-H	MSI-H	1443	3_HIGHEST	UEC	0.89	LIVING	Y	1	Primary	MSI (Hyper-mutated)	Stage I
ucec_tcga_pub	TCGA-BS-A0UL	TCGA-BS-A0UL-01	54	Endometrial Cancer	Uterine Endometrioid Carcinoma	1	Y	Y	1.182776803	DiseaseFree	0.0001	Grade 1	Endometrioid	Y	2	2	0.953263868	1	3	MSI-H	MSI-H	294	2_HIGH	UEC	1.18	LIVING	Y	1	Primary	MSI (Hyper-mutated)	Stage I
ucec_tcga_pub	TCGA-BS-A0UM	TCGA-BS-A0UM-01	64	Endometrial Cancer	Uterine Endometrioid Carcinoma	NA	N	N	47.77104088	Recurred	NA	Grade 1	Endometrioid	Y	1	5	0.928732873	1	2	MSI-H	MSI-H	276	2_HIGH	UEC	71.99	LIVING	Y	1	Primary	NA	Stage I
ucec_tcga_pub	TCGA-BS-A0UT	TCGA-BS-A0UT-01	62	Endometrial Cancer	Uterine Endometrioid Carcinoma	3	Y	Y	19.54867216	DiseaseFree	0.1947	Grade 2	Endometrioid	Y	4	5	0.81473312	0	3	MSS	MSS	41	1_LOW	UEC	19.55	LIVING	Y	1	Primary	Copy-number low (Endometriod)	Stage II
ucec_tcga_pub	TCGA-BS-A0UV	TCGA-BS-A0UV-01	55	Endometrial Cancer	Uterine Endometrioid Carcinoma	2	Y	Y	4.895381769	DiseaseFree	0.1249	Grade 3	Endometrioid	Y	4	4	0.923555802	0	1	MSI-L	MSS	7815	3_HIGHEST	UEC	4.9	LIVING	Y	1	Primary	POLE (Ultra-mutated)	Stage III
ucec_tcga_pub	TCGA-BS-A0V4	TCGA-BS-A0V4-01	56	Endometrial Cancer	Uterine Endometrioid Carcinoma	2	Y	N	1.018502247	DiseaseFree	0.0307	Grade 1	Endometrioid	N	1	5	0.930343034	1	NA	MSI-H	MSI-H	NA	NA	UEC	1.02	LIVING	N	1	Primary	NA	Stage I
ucec_tcga_pub	TCGA-BS-A0V6	TCGA-BS-A0V6-01	55	Endometrial Cancer	Uterine Endometrioid Carcinoma	2	Y	Y	54.21060348	DiseaseFree	0.0002	Grade 1	Endometrioid	Y	2	2	0.936305291	0	2	MSS	MSS	42	1_LOW	UEC	54.21	LIVING	Y	1	Primary	Copy-number low (Endometriod)	Stage I
ucec_tcga_pub	TCGA-BS-A0V7	TCGA-BS-A0V7-01	48	Endometrial Cancer	Uterine Endometrioid Carcinoma	2	Y	N	46.9496681	DiseaseFree	0.0001	Grade 1	Endometrioid	Y	4	2	0.953263868	0	NA	MSS	MSS	36	1_LOW	UEC	46.95	LIVING	N	1	Primary	NA	Stage I
ucec_tcga_pub	TCGA-BS-A0V8	TCGA-BS-A0V8-01	68	Endometrial Cancer	Uterine Endometrioid Carcinoma	4	Y	Y	49.51235118	DiseaseFree	0.5415	Grade 2	Endometrioid	Y	3	2	0.953263868	0	3	MSS	MSS	66	1_LOW	UEC	49.51	LIVING	Y	1	Primary	Copy-number high (Serous-like)	Stage II
ucec_tcga_pub	TCGA-BS-A0VI	TCGA-BS-A0VI-01	58	Endometrial Cancer	Uterine Endometrioid Carcinoma	2	Y	N	54.5720075	DiseaseFree	0.0440	Grade 3	Endometrioid	N	1	5	0.890025216	1	3	MSI-H	MSI-H	NA	NA	UEC	54.57	LIVING	Y	1	Primary	NA	Stage II
ucec_tcga_pub	TCGA-BS-A0WQ	TCGA-BS-A0WQ-01	55	Endometrial Cancer	Uterine Endometrioid Carcinoma	2	Y	Y	39.65587782	DiseaseFree	0.0471	Grade 2	Endometrioid	Y	4	6	0.936182815	0	3	MSS	MSS	41	1_LOW	UEC	39.66	LIVING	Y	1	Primary	Copy-number low (Endometriod)	Stage I
ucec_tcga_pub	TCGA-D1-A0ZN	TCGA-D1-A0ZN-01	60	Endometrial Cancer	Uterine Endometrioid Carcinoma	2	Y	Y	14.71900022	Recurred	0.0767	Grade 1	Endometrioid	Y	1	5	0.677581832	0	2	MSS	MSS	38	1_LOW	UEC	16.82	LIVING	Y	1	Primary	Copy-number low (Endometriod)	Stage I
ucec_tcga_pub	TCGA-D1-A0ZO	TCGA-D1-A0ZO-01	75	Endometrial Cancer	Uterine Endometrioid Carcinoma	2	Y	Y	19.77865654	DiseaseFree	0.0834	Grade 1	Endometrioid	Y	1	2	0.953263868	1	2	MSI-H	MSI-H	419	2_HIGH	UEC	19.78	LIVING	Y	1	Primary	MSI (Hyper-mutated)	Stage I
ucec_tcga_pub	TCGA-D1-A0ZP	TCGA-D1-A0ZP-01	59	Endometrial Cancer	Uterine Serous Carcinoma/Uterine Papillary Serous Carcinoma	4	Y	Y	20.66573914	Recurred	0.1861	Grade 3	Serous	Y	3	4	0.886489497	0	1	MSI-L	MSI-L	30	1_LOW	USC	29.93	LIVING	Y	1	Primary	Copy-number high (Serous-like)	Stage IV
ucec_tcga_pub	TCGA-D1-A0ZQ	TCGA-D1-A0ZQ-01	90	Endometrial Cancer	Uterine Endometrioid Carcinoma	3	Y	Y	8.542276912	DiseaseFree	0.1772	Grade 2	Endometrioid	Y	2	2	0.953263868	0	2	MSS	MSS	71	1_LOW	UEC	8.54	LIVING	Y	1	Primary	Copy-number low (Endometriod)	Stage I
ucec_tcga_pub	TCGA-D1-A0ZR	TCGA-D1-A0ZR-01	57	Endometrial Cancer	Uterine Endometrioid Carcinoma	3	Y	Y	0.55853349	DiseaseFree	0.0341	Grade 2	Endometrioid	Y	4	6	0.770817643	0	2	MSS	MSS	46	1_LOW	UEC	0.56	LIVING	Y	1	Primary	Copy-number low (Endometriod)	Stage I
ucec_tcga_pub	TCGA-D1-A0ZS	TCGA-D1-A0ZS-01	54	Endometrial Cancer	Uterine Endometrioid Carcinoma	1	Y	Y	4.829671946	DiseaseFree	0.0000	Grade 3	Endometrioid	Y	2	2	0.9151894	1	1	MSI-H	MSI-H	288	2_HIGH	UEC	4.83	LIVING	Y	1	Primary	MSI (Hyper-mutated)	Stage I
ucec_tcga_pub	TCGA-D1-A0ZU	TCGA-D1-A0ZU-01	34	Endometrial Cancer	Uterine Endometrioid Carcinoma	2	Y	Y	28.64948257	DiseaseFree	0.0964	Grade 2	Endometrioid	Y	4	2	0.953263868	0	2	MSS	MSS	31	1_LOW	UEC	28.65	LIVING	Y	1	Primary	Copy-number low (Endometriod)	Stage I
ucec_tcga_pub	TCGA-D1-A0ZV	TCGA-D1-A0ZV-01	58	Endometrial Cancer	Uterine Endometrioid Carcinoma	1	Y	Y	23.91837535	DiseaseFree	0.0000	Grade 2	Endometrioid	Y	4	4	0.923555802	0	3	MSS	MSS	35	1_LOW	UEC	23.92	LIVING	Y	1	Primary	Copy-number low (Endometriod)	Stage I
ucec_tcga_pub	TCGA-D1-A0ZZ	TCGA-D1-A0ZZ-01	80	Endometrial Cancer	Endometrial Carcinoma	4	Y	Y	22.50561417	DiseaseFree	0.5039	Grade 3	Mixed	Y	3	4	0.877287726	NA	1	MSS	MSS	55	1_LOW	UCEC	22.51	LIVING	Y	1	Primary	Copy-number high (Serous-like)	Stage I
ucec_tcga_pub	TCGA-D1-A101	TCGA-D1-A101-01	60	Endometrial Cancer	Uterine Endometrioid Carcinoma	1	Y	Y	1.741310294	DiseaseFree	0.0002	Grade 2	Endometrioid	Y	2	2	0.953263868	1	3	MSI-H	MSI-H	192	2_HIGH	UEC	1.74	LIVING	Y	1	Primary	MSI (Hyper-mutated)	Stage I
ucec_tcga_pub	TCGA-D1-A102	TCGA-D1-A102-01	49	Endometrial Cancer	Uterine Endometrioid Carcinoma	2	Y	Y	4.435413012	DiseaseFree	0.1758	Grade 2	Endometrioid	Y	4	5	0.887382298	NA	2	MSS	MSS	37	1_LOW	UEC	4.44	LIVING	Y	1	Primary	Copy-number low (Endometriod)	Stage I
ucec_tcga_pub	TCGA-D1-A103	TCGA-D1-A103-01	87	Endometrial Cancer	Uterine Endometrioid Carcinoma	1	Y	Y	21.97993559	DiseaseFree	0.0001	Grade 1	Endometrioid	Y	4	6	0.877018213	1	2	MSI-L	MSI-H	5979	3_HIGHEST	UEC	21.98	LIVING	Y	1	Primary	POLE (Ultra-mutated)	Stage I
ucec_tcga_pub	TCGA-D1-A15V	TCGA-D1-A15V-01	68	Endometrial Cancer	Uterine Serous Carcinoma/Uterine Papillary Serous Carcinoma	4	Y	Y	39.45874835	DiseaseFree	0.3738	Grade 3	Serous	Y	3	1	0.918650794	0	1	MSS	MSS	36	1_LOW	USC	39.46	LIVING	Y	1	Primary	Copy-number high (Serous-like)	Stage I
ucec_tcga_pub	TCGA-D1-A15W	TCGA-D1-A15W-01	58	Endometrial Cancer	Uterine Endometrioid Carcinoma	1	Y	Y	30.06224375	DiseaseFree	0.0024	Grade 1	Endometrioid	Y	2	2	0.953263868	0	2	MSS	MSS	61	1_LOW	UEC	30.06	LIVING	Y	1	Primary	Copy-number low (Endometriod)	Stage III
ucec_tcga_pub	TCGA-D1-A15X	TCGA-D1-A15X-01	45	Endometrial Cancer	Uterine Serous Carcinoma/Uterine Papillary Serous Carcinoma	1	Y	Y	29.86511428	DiseaseFree	0.0006	Grade 3	Serous	Y	2	4	0.921320947	0	1	MSI-L	MSI-L	1327	3_HIGHEST	USC	29.87	LIVING	Y	1	Primary	Copy-number low (Endometriod)	Stage I
ucec_tcga_pub	TCGA-D1-A15Z	TCGA-D1-A15Z-01	72	Endometrial Cancer	Uterine Endometrioid Carcinoma	2	Y	Y	1.90558485	DiseaseFree	0.0465	Grade 2	Endometrioid	Y	4	6	0.936182815	0	2	MSI-L	MSI-L	67	1_LOW	UEC	1.91	DECEASED	Y	1	Primary	Copy-number low (Endometriod)	Stage I
ucec_tcga_pub	TCGA-D1-A160	TCGA-D1-A160-01	70	Endometrial Cancer	Uterine Endometrioid Carcinoma	3	Y	Y	3.679750054	DiseaseFree	0.0341	Grade 2	Endometrioid	Y	2	6	0.936182815	1	2	MSI-H	MSI-H	360	2_HIGH	UEC	3.68	LIVING	Y	1	Primary	MSI (Hyper-mutated)	Stage I
ucec_tcga_pub	TCGA-D1-A161	TCGA-D1-A161-01	78	Endometrial Cancer	Uterine Endometrioid Carcinoma	2	Y	Y	29.30658079	DiseaseFree	0.0468	Grade 1	Endometrioid	Y	4	2	0.953263868	0	2	MSS	MSS	71	1_LOW	UEC	29.31	LIVING	Y	1	Primary	Copy-number low (Endometriod)	Stage I
ucec_tcga_pub	TCGA-D1-A162	TCGA-D1-A162-01	69	Endometrial Cancer	Uterine Endometrioid Carcinoma	NA	N	N	37.61887332	DiseaseFree	NA	Grade 1	Endometrioid	N	4	6	0.88209171	0	2	MSS	MSS	NA	NA	UEC	37.62	LIVING	Y	1	Primary	NA	Stage I
ucec_tcga_pub	TCGA-D1-A163	TCGA-D1-A163-01	50	Endometrial Cancer	Uterine Endometrioid Carcinoma	1	Y	Y	7.326645198	Recurred	0.0001	Grade 2	Endometrioid	Y	1	5	0.932869329	1	2	MSI-H	MSI-H	382	2_HIGH	UEC	32.56	LIVING	Y	1	Primary	MSI (Hyper-mutated)	Stage III
ucec_tcga_pub	TCGA-D1-A165	TCGA-D1-A165-01	64	Endometrial Cancer	Uterine Endometrioid Carcinoma	2	Y	Y	0.657098224	DiseaseFree	0.1588	Grade 1	Endometrioid	Y	2	2	0.953263868	0	2	MSS	MSS	51	1_LOW	UEC	0.66	LIVING	Y	1	Primary	Copy-number low (Endometriod)	Stage I
ucec_tcga_pub	TCGA-D1-A167	TCGA-D1-A167-01	70	Endometrial Cancer	Uterine Endometrioid Carcinoma	1	Y	Y	15.70464755	DiseaseFree	0.0001	Grade 2	Endometrioid	Y	1	6	0.93181747	1	1	MSI-H	MSI-H	1357	3_HIGHEST	UEC	15.7	LIVING	Y	1	Primary	MSI (Hyper-mutated)	Stage I
ucec_tcga_pub	TCGA-D1-A168	TCGA-D1-A168-01	67	Endometrial Cancer	Uterine Endometrioid Carcinoma	2	Y	Y	36.0746925	DiseaseFree	0.2320	Grade 3	Endometrioid	Y	4	2	0.788513777	0	3	MSS	MSS	48	1_LOW	UEC	36.07	LIVING	Y	1	Primary	Copy-number low (Endometriod)	Stage I
ucec_tcga_pub	TCGA-D1-A169	TCGA-D1-A169-01	63	Endometrial Cancer	Uterine Endometrioid Carcinoma	4	Y	Y	17.05169891	Recurred	0.2083	Grade 2	Endometrioid	Y	2	5	0.905982296	0	3	MSS	MSS	40	1_LOW	UEC	37.29	LIVING	Y	1	Primary	Copy-number high (Serous-like)	Stage IV
ucec_tcga_pub	TCGA-D1-A16B	TCGA-D1-A16B-01	64	Endometrial Cancer	Uterine Endometrioid Carcinoma	1	Y	Y	36.33753179	DiseaseFree	0.0001	Grade 2	Endometrioid	Y	4	4	0.877287726	0	2	MSS	MSS	47	1_LOW	UEC	36.34	LIVING	Y	1	Primary	Copy-number low (Endometriod)	Stage I
ucec_tcga_pub	TCGA-D1-A16D	TCGA-D1-A16D-01	49	Endometrial Cancer	Uterine Endometrioid Carcinoma	1	Y	Y	37.48745368	DiseaseFree	0.0003	Grade 2	Endometrioid	Y	4	1	0.918650794	0	3	MSS	MSS	39	1_LOW	UEC	37.49	LIVING	Y	1	Primary	Copy-number low (Endometriod)	Stage I
ucec_tcga_pub	TCGA-D1-A16E	TCGA-D1-A16E-01	73	Endometrial Cancer	Uterine Endometrioid Carcinoma	1	Y	Y	36.76464563	DiseaseFree	0.0001	Grade 1	Endometrioid	Y	2	2	0.953263868	0	3	MSS	MSS	48	1_LOW	UEC	36.76	LIVING	Y	1	Primary	Copy-number low (Endometriod)	Stage I
ucec_tcga_pub	TCGA-D1-A16F	TCGA-D1-A16F-01	60	Endometrial Cancer	Uterine Endometrioid Carcinoma	NA	N	N	2.628392896	DiseaseFree	NA	Grade 2	Endometrioid	Y	2	1	0.519368529	1	3	MSI-H	MSI-H	273	2_HIGH	UEC	2.63	LIVING	Y	1	Primary	NA	Stage I
ucec_tcga_pub	TCGA-D1-A16G	TCGA-D1-A16G-01	74	Endometrial Cancer	Uterine Serous Carcinoma/Uterine Papillary Serous Carcinoma	4	Y	Y	21.09285299	Recurred	0.1014	Grade 3	Serous	Y	4	4	0.886489497	0	1	MSS	MSS	28	1_LOW	USC	27.4	DECEASED	Y	1	Primary	Copy-number high (Serous-like)	Stage IV
ucec_tcga_pub	TCGA-D1-A16I	TCGA-D1-A16I-01	62	Endometrial Cancer	Uterine Serous Carcinoma/Uterine Papillary Serous Carcinoma	4	Y	Y	11.46636401	DiseaseFree	0.3811	Grade 3	Serous	Y	3	2	0.953263868	0	1	MSS	MSS	31	1_LOW	USC	11.47	DECEASED	Y	1	Primary	Copy-number high (Serous-like)	Stage I
ucec_tcga_pub	TCGA-D1-A16J	TCGA-D1-A16J-01	61	Endometrial Cancer	Uterine Endometrioid Carcinoma	2	Y	Y	29.86511428	DiseaseFree	0.1060	Grade 2	Endometrioid	Y	1	4	0.891829399	0	3	MSS	MSS	166	2_HIGH	UEC	29.87	LIVING	Y	1	Primary	Copy-number low (Endometriod)	Stage II
ucec_tcga_pub	TCGA-D1-A16N	TCGA-D1-A16N-01	51	Endometrial Cancer	Uterine Endometrioid Carcinoma	4	Y	Y	31.04789108	DiseaseFree	0.5101	Grade 3	Endometrioid	Y	4	6	0.819387387	1	1	MSI-H	MSI-H	93	1_LOW	UEC	31.05	LIVING	Y	1	Primary	MSI (Hyper-mutated)	Stage III
ucec_tcga_pub	TCGA-D1-A16O	TCGA-D1-A16O-01	44	Endometrial Cancer	Uterine Endometrioid Carcinoma	2	Y	Y	33.57771925	DiseaseFree	0.0635	Grade 1	Endometrioid	Y	4	5	0.667510536	0	2	MSS	MSS	32	1_LOW	UEC	33.58	LIVING	Y	1	Primary	Copy-number low (Endometriod)	Stage I
ucec_tcga_pub	TCGA-D1-A16Q	TCGA-D1-A16Q-01	54	Endometrial Cancer	Uterine Endometrioid Carcinoma	1	Y	Y	10.64499123	DiseaseFree	0.0061	Grade 2	Endometrioid	Y	4	1	0.837571802	0	3	MSS	MSS	27	1_LOW	UEC	10.64	LIVING	Y	1	Primary	Copy-number low (Endometriod)	Stage II
ucec_tcga_pub	TCGA-D1-A16R	TCGA-D1-A16R-01	39	Endometrial Cancer	Uterine Endometrioid Carcinoma	NA	N	N	0.689953135	DiseaseFree	0.0525	Grade 1	Endometrioid	Y	4	5	0.932869329	0	3	MSS	MSS	38	1_LOW	UEC	0.69	LIVING	Y	1	Primary	NA	Stage I
ucec_tcga_pub	TCGA-D1-A16S	TCGA-D1-A16S-01	70	Endometrial Cancer	Uterine Serous Carcinoma/Uterine Papillary Serous Carcinoma	4	Y	Y	18.66158956	DiseaseFree	0.4270	Grade 3	Serous	Y	3	4	0.784111389	0	3	MSS	MSS	43	1_LOW	USC	18.66	LIVING	Y	1	Primary	Copy-number high (Serous-like)	Stage III
ucec_tcga_pub	TCGA-D1-A16V	TCGA-D1-A16V-01	78	Endometrial Cancer	Uterine Endometrioid Carcinoma	4	Y	N	NA	NA	0.3077	Grade 3	Endometrioid	N	2	6	-0.102733132	0	2	MSS	MSS	NA	NA	UEC	3.94	DECEASED	Y	1	Primary	NA	Stage III
ucec_tcga_pub	TCGA-D1-A16X	TCGA-D1-A16X-01	54	Endometrial Cancer	Uterine Endometrioid Carcinoma	1	Y	Y	3.646895143	DiseaseFree	0.0001	Grade 2	Endometrioid	Y	4	5	0.890025216	0	3	MSS	MSS	1767	3_HIGHEST	UEC	3.65	LIVING	Y	1	Primary	POLE (Ultra-mutated)	Stage I
ucec_tcga_pub	TCGA-D1-A16Y	TCGA-D1-A16Y-01	56	Endometrial Cancer	Uterine Endometrioid Carcinoma	1	Y	Y	17.47881276	DiseaseFree	0.0000	Grade 1	Endometrioid	Y	2	4	0.877287726	0	3	MSI-L	MSI-L	957	3_HIGHEST	UEC	17.48	LIVING	Y	1	Primary	POLE (Ultra-mutated)	Stage I
ucec_tcga_pub	TCGA-D1-A174	TCGA-D1-A174-01	51	Endometrial Cancer	Uterine Endometrioid Carcinoma	1	Y	Y	19.51581725	DiseaseFree	0.0006	Grade 3	Endometrioid	Y	1	5	0.887382298	0	3	MSI-H	MSI-H	525	2_HIGH	UEC	19.52	LIVING	Y	1	Primary	MSI (Hyper-mutated)	Stage I
ucec_tcga_pub	TCGA-D1-A175	TCGA-D1-A175-01	48	Endometrial Cancer	Uterine Endometrioid Carcinoma	1	Y	N	6.636692062	DiseaseFree	0.0001	Grade 3	Endometrioid	N	4	5	0.932869329	0	2	MSI-H	MSI-H	NA	NA	UEC	6.64	LIVING	Y	1	Primary	NA	Stage I
ucec_tcga_pub	TCGA-D1-A176	TCGA-D1-A176-01	67	Endometrial Cancer	Uterine Endometrioid Carcinoma	3	Y	Y	30.12795357	DiseaseFree	0.0392	Grade 2	Endometrioid	Y	1	5	0.594277483	1	2	MSI-H	MSI-H	278	2_HIGH	UEC	30.13	LIVING	Y	1	Primary	MSI (Hyper-mutated)	Stage I
ucec_tcga_pub	TCGA-D1-A177	TCGA-D1-A177-01	70	Endometrial Cancer	Uterine Endometrioid Carcinoma	2	Y	Y	11.40065419	Recurred	0.0342	Grade 2	Endometrioid	Y	1	5	0.930343034	1	2	MSI-H	MSI-H	557	2_HIGH	UEC	18	LIVING	Y	1	Primary	MSI (Hyper-mutated)	Stage I
ucec_tcga_pub	TCGA-D1-A179	TCGA-D1-A179-01	76	Endometrial Cancer	Uterine Serous Carcinoma/Uterine Papillary Serous Carcinoma	4	Y	N	14.02904708	Recurred	0.8540	Grade 3	Serous	N	3	1	0.469920802	0	1	MSS	MSS	NA	NA	USC	14.72	DECEASED	Y	1	Primary	NA	Stage III
ucec_tcga_pub	TCGA-D1-A17A	TCGA-D1-A17A-01	59	Endometrial Cancer	Uterine Endometrioid Carcinoma	3	Y	Y	1.577035738	DiseaseFree	0.0350	Grade 3	Endometrioid	Y	1	1	0.918650794	1	3	MSI-H	MSI-H	170	2_HIGH	UEC	1.58	LIVING	Y	1	Primary	MSI (Hyper-mutated)	Stage I
ucec_tcga_pub	TCGA-D1-A17B	TCGA-D1-A17B-01	69	Endometrial Cancer	Uterine Endometrioid Carcinoma	2	Y	Y	6.965241174	DiseaseFree	0.0341	Grade 2	Endometrioid	Y	2	4	0.923555802	1	3	MSI-H	MSI-H	203	2_HIGH	UEC	6.97	LIVING	Y	1	Primary	MSI (Hyper-mutated)	Stage I
ucec_tcga_pub	TCGA-D1-A17C	TCGA-D1-A17C-01	78	Endometrial Cancer	Uterine Endometrioid Carcinoma	1	Y	Y	0.985647336	DiseaseFree	0.0001	Grade 1	Endometrioid	Y	2	2	0.953263868	0	3	MSS	MSS	43	1_LOW	UEC	0.99	LIVING	Y	1	Primary	Copy-number low (Endometriod)	Stage I
ucec_tcga_pub	TCGA-D1-A17D	TCGA-D1-A17D-01	58	Endometrial Cancer	Uterine Endometrioid Carcinoma	1	Y	Y	30.42364777	DiseaseFree	0.0000	Grade 3	Endometrioid	Y	1	3	0.85566506	1	3	MSI-H	MSI-H	356	2_HIGH	UEC	30.42	LIVING	Y	1	Primary	MSI (Hyper-mutated)	Stage I
ucec_tcga_pub	TCGA-D1-A17F	TCGA-D1-A17F-01	68	Endometrial Cancer	Uterine Endometrioid Carcinoma	1	Y	Y	1.281341537	DiseaseFree	0.0000	Grade 2	Endometrioid	Y	4	6	0.936182815	1	3	MSI-H	MSI-H	158	2_HIGH	UEC	1.28	LIVING	Y	1	Primary	MSI (Hyper-mutated)	Stage I
ucec_tcga_pub	TCGA-D1-A17H	TCGA-D1-A17H-01	61	Endometrial Cancer	Uterine Endometrioid Carcinoma	2	Y	Y	27.99238434	DiseaseFree	0.0052	Grade 1	Endometrioid	Y	2	2	0.953263868	1	3	MSI-H	MSI-H	435	2_HIGH	UEC	27.99	LIVING	Y	1	Primary	MSI (Hyper-mutated)	Stage I
ucec_tcga_pub	TCGA-D1-A17K	TCGA-D1-A17K-01	74	Endometrial Cancer	Uterine Endometrioid Carcinoma	4	Y	Y	26.77675263	Recurred	0.2631	Grade 2	Endometrioid	Y	3	3	0.888897494	0	1	MSS	MSS	44	1_LOW	UEC	28.06	LIVING	Y	1	Primary	Copy-number high (Serous-like)	Stage I
ucec_tcga_pub	TCGA-D1-A17L	TCGA-D1-A17L-01	81	Endometrial Cancer	Uterine Endometrioid Carcinoma	3	Y	Y	26.34963878	DiseaseFree	0.0341	Grade 1	Endometrioid	Y	2	6	0.936182815	1	3	MSS	MSS	57	1_LOW	UEC	26.35	LIVING	Y	1	Primary	Copy-number low (Endometriod)	Stage I
ucec_tcga_pub	TCGA-D1-A17M	TCGA-D1-A17M-01	56	Endometrial Cancer	Uterine Endometrioid Carcinoma	2	Y	Y	10.21787738	DiseaseFree	0.0454	Grade 1	Endometrioid	Y	1	5	0.932869329	1	2	MSI-H	MSI-H	305	2_HIGH	UEC	10.22	LIVING	Y	1	Primary	MSI (Hyper-mutated)	Stage II
ucec_tcga_pub	TCGA-D1-A17N	TCGA-D1-A17N-01	46	Endometrial Cancer	Uterine Endometrioid Carcinoma	2	Y	Y	1.511325915	DiseaseFree	0.0000	Grade 2	Endometrioid	Y	4	2	0.837730267	0	3	MSS	MSS	26	1_LOW	UEC	1.51	LIVING	Y	1	Primary	Copy-number low (Endometriod)	Stage I
ucec_tcga_pub	TCGA-D1-A17Q	TCGA-D1-A17Q-01	54	Endometrial Cancer	Uterine Endometrioid Carcinoma	1	Y	Y	1.774165205	DiseaseFree	0.0000	Grade 2	Endometrioid	Y	2	3	0.888581036	0	3	MSI-L	MSI-L	5156	3_HIGHEST	UEC	1.77	LIVING	Y	1	Primary	POLE (Ultra-mutated)	Stage I
ucec_tcga_pub	TCGA-D1-A17R	TCGA-D1-A17R-01	58	Endometrial Cancer	Uterine Endometrioid Carcinoma	2	Y	Y	11.1378149	DiseaseFree	0.2392	Grade 2	Endometrioid	Y	1	5	0.932869329	1	3	MSI-H	MSI-H	135	2_HIGH	UEC	11.14	DECEASED	Y	1	Primary	MSI (Hyper-mutated)	Stage I
ucec_tcga_pub	TCGA-D1-A17S	TCGA-D1-A17S-01	59	Endometrial Cancer	Uterine Endometrioid Carcinoma	1	Y	Y	24.27977938	DiseaseFree	0.0000	Grade 1	Endometrioid	Y	4	6	0.936182815	0	3	MSS	MSS	36	1_LOW	UEC	24.28	LIVING	Y	1	Primary	Copy-number low (Endometriod)	Stage I
ucec_tcga_pub	TCGA-D1-A17T	TCGA-D1-A17T-01	67	Endometrial Cancer	Uterine Endometrioid Carcinoma	2	Y	Y	2.299843784	DiseaseFree	0.0464	Grade 2	Endometrioid	Y	1	6	0.807152783	0	3	MSS	MSS	50	1_LOW	UEC	2.3	LIVING	Y	1	Primary	Copy-number low (Endometriod)	Stage I
ucec_tcga_pub	TCGA-D1-A17U	TCGA-D1-A17U-01	53	Endometrial Cancer	Uterine Endometrioid Carcinoma	2	Y	Y	22.89987311	DiseaseFree	0.0009	Grade 2	Endometrioid	Y	1	2	0.908260689	1	2	MSI-H	MSI-H	249	2_HIGH	UEC	22.9	LIVING	Y	1	Primary	MSI (Hyper-mutated)	Stage III
ucec_tcga_pub	TCGA-D1-A1NS	TCGA-D1-A1NS-01	53	Endometrial Cancer	Uterine Endometrioid Carcinoma	1	Y	N	1.412761182	DiseaseFree	0.0002	Grade 1	Endometrioid	N	2	4	0.923555802	1	NA	MSI-H	MSI-H	NA	NA	UEC	1.41	LIVING	N	1	Primary	NA	Stage I
ucec_tcga_pub	TCGA-D1-A1NU	TCGA-D1-A1NU-01	74	Endometrial Cancer	Uterine Serous Carcinoma/Uterine Papillary Serous Carcinoma	4	Y	Y	13.2076743	DiseaseFree	0.4092	Grade 3	Serous	Y	3	6	0.936182815	0	1	MSS	MSS	67	1_LOW	USC	13.21	LIVING	Y	1	Primary	Copy-number high (Serous-like)	Stage I
ucec_tcga_pub	TCGA-D1-A1NW	TCGA-D1-A1NW-01	72	Endometrial Cancer	Endometrial Carcinoma	4	Y	N	0.722808046	DiseaseFree	0.2859	Grade 3	Mixed	N	3	6	0.736696762	0	1	MSI-L	MSS	NA	NA	UCEC	0.72	LIVING	Y	1	Primary	NA	Stage IV
ucec_tcga_pub	TCGA-D1-A1NX	TCGA-D1-A1NX-01	66	Endometrial Cancer	Uterine Serous Carcinoma/Uterine Papillary Serous Carcinoma	4	Y	Y	15.63893773	Recurred	0.1787	Grade 3	Serous	Y	3	6	0.936182815	0	1	MSS	MSS	44	1_LOW	USC	18.23	LIVING	Y	1	Primary	Copy-number high (Serous-like)	Stage III
ucec_tcga_pub	TCGA-D1-A1NY	TCGA-D1-A1NY-01	67	Endometrial Cancer	Uterine Endometrioid Carcinoma	2	Y	N	16.85456945	DiseaseFree	0.0562	Grade 3	Endometrioid	N	1	2	0.706422825	1	1	MSI-H	MSI-H	NA	NA	UEC	16.85	LIVING	Y	1	Primary	NA	Stage I
ucec_tcga_pub	TCGA-D1-A1NZ	TCGA-D1-A1NZ-01	60	Endometrial Cancer	Uterine Endometrioid Carcinoma	3	Y	N	18.00449134	DiseaseFree	0.0341	Grade 1	Endometrioid	N	1	1	0.918650794	1	NA	MSI-H	MSI-H	NA	NA	UEC	18	LIVING	N	1	Primary	NA	Stage I
ucec_tcga_pub	TCGA-D1-A1O0	TCGA-D1-A1O0-01	77	Endometrial Cancer	Uterine Endometrioid Carcinoma	4	Y	N	2.069859406	DiseaseFree	0.4475	Grade 3	Endometrioid	N	3	3	0.897648505	0	1	MSS	MSS	NA	NA	UEC	2.07	LIVING	Y	1	Primary	NA	Stage I
ucec_tcga_pub	TCGA-D1-A1O5	TCGA-D1-A1O5-01	61	Endometrial Cancer	Uterine Endometrioid Carcinoma	1	Y	N	15.04754933	DiseaseFree	0.0002	Grade 1	Endometrioid	N	4	3	0.897648505	0	NA	MSS	MSS	NA	NA	UEC	15.05	LIVING	N	1	Primary	NA	Stage I
ucec_tcga_pub	TCGA-D1-A1O7	TCGA-D1-A1O7-01	60	Endometrial Cancer	Uterine Endometrioid Carcinoma	1	Y	N	1.051357158	DiseaseFree	0.0000	Grade 1	Endometrioid	N	2	6	0.936182815	1	NA	MSI-H	MSI-H	NA	NA	UEC	1.05	LIVING	N	1	Primary	NA	Stage I
ucec_tcga_pub	TCGA-D1-A1O8	TCGA-D1-A1O8-01	70	Endometrial Cancer	Uterine Endometrioid Carcinoma	1	Y	N	5.651044726	DiseaseFree	0.0000	Grade 3	Endometrioid	N	2	5	0.883397264	0	1	MSS	MSS	NA	NA	UEC	5.65	LIVING	Y	1	Primary	NA	Stage III
ucec_tcga_pub	TCGA-D1-A2G0	TCGA-D1-A2G0-01	70	Endometrial Cancer	Endometrial Carcinoma	2	Y	N	3.515475498	DiseaseFree	0.0916	Grade 3	Mixed	N	1	6	0.936182815	1	NA	MSI-H	MSI-H	NA	NA	UCEC	3.52	LIVING	N	1	Primary	NA	Stage I
ucec_tcga_pub	TCGA-D1-A2G5	TCGA-D1-A2G5-01	50	Endometrial Cancer	Uterine Endometrioid Carcinoma	3	Y	N	NA	Recurred	0.9268	Grade 3	Endometrioid	N	2	6	0.936182815	1	NA	MSI-H	MSI-H	NA	NA	UEC	41.4	LIVING	N	1	Primary	NA	Stage I
ucec_tcga_pub	TCGA-D1-A2G6	TCGA-D1-A2G6-01	53	Endometrial Cancer	Uterine Endometrioid Carcinoma	3	Y	N	NA	Recurred	0.2916	Grade 3	Endometrioid	N	2	2	0.912165907	1	3	MSI-H	MSI-H	NA	NA	UEC	8.48	DECEASED	Y	1	Primary	NA	Stage III
ucec_tcga_pub	TCGA-DI-A0WH	TCGA-DI-A0WH-01	64	Endometrial Cancer	Uterine Endometrioid Carcinoma	3	Y	Y	NA	NA	0.0346	Grade 3	Endometrioid	Y	3	5	0.900244534	1	3	MSI-H	MSI-H	357	2_HIGH	UEC	16.26	LIVING	Y	1	Primary	MSI (Hyper-mutated)	Stage I
ucec_tcga_pub	TCGA-DI-A1BU	TCGA-DI-A1BU-01	55	Endometrial Cancer	Endometrial Carcinoma	1	Y	N	NA	NA	0.0001	Grade 3	Mixed	N	2	5	0.930343034	0	NA	MSI-H	MSI-H	NA	NA	UCEC	39.26	LIVING	N	1	Primary	NA	Stage II
ucec_tcga_pub	TCGA-DI-A1BY	TCGA-DI-A1BY-01	63	Endometrial Cancer	Uterine Endometrioid Carcinoma	1	Y	N	NA	NA	0.0005	Grade 2	Endometrioid	N	2	2	0.934636502	0	3	MSS	MSS	NA	NA	UEC	36.6	LIVING	Y	1	Primary	NA	Stage II
ucec_tcga_pub	TCGA-DI-A1C3	TCGA-DI-A1C3-01	38	Endometrial Cancer	Uterine Endometrioid Carcinoma	1	Y	N	NA	NA	0.0000	Grade 2	Endometrioid	N	4	2	0.953263868	0	NA	MSS	MSS	NA	NA	UEC	24.28	LIVING	N	1	Primary	NA	Stage I
ucec_tcga_pub	TCGA-DI-A1NN	TCGA-DI-A1NN-01	63	Endometrial Cancer	Uterine Serous Carcinoma/Uterine Papillary Serous Carcinoma	4	Y	Y	33.57771925	Recurred	0.1974	Grade 3	Serous	Y	3	4	0.923555802	0	1	MSS	MSS	38	1_LOW	USC	35.35	LIVING	Y	1	Primary	Copy-number high (Serous-like)	Stage III
ucec_tcga_pub	TCGA-DI-A1NO	TCGA-DI-A1NO-01	68	Endometrial Cancer	Uterine Endometrioid Carcinoma	4	Y	N	NA	Recurred	0.5988	Grade 3	Endometrioid	N	3	3	0.840372671	0	1	MSS	MSS	NA	NA	UEC	9.36	DECEASED	Y	1	Primary	NA	Stage III
ucec_tcga_pub	TCGA-E6-A1LX	TCGA-E6-A1LX-01	40	Endometrial Cancer	Uterine Endometrioid Carcinoma	1	Y	N	23.35984186	DiseaseFree	0.0112	Grade 3	Endometrioid	N	2	4	0.757451043	0	2	MSI-L	MSS	NA	NA	UEC	23.36	LIVING	Y	1	Primary	NA	Stage I
ucec_tcga_pub	TCGA-E6-A1LZ	TCGA-E6-A1LZ-01	76	Endometrial Cancer	Uterine Serous Carcinoma/Uterine Papillary Serous Carcinoma	4	Y	Y	48.32957438	DiseaseFree	0.5552	Grade 3	Serous	Y	4	4	0.886489497	0	1	MSS	MSS	170	2_HIGH	USC	48.33	LIVING	Y	1	Primary	Copy-number high (Serous-like)	Stage I
ucec_tcga_pub	TCGA-E6-A1M0	TCGA-E6-A1M0-01	56	Endometrial Cancer	Uterine Endometrioid Carcinoma	2	Y	N	17.018844	DiseaseFree	0.2016	Grade 3	Endometrioid	N	4	3	0.811767884	0	1	MSS	MSS	NA	NA	UEC	17.02	LIVING	Y	1	Primary	NA	Stage III
ucec_tcga_pub	TCGA-EC-A1NJ	TCGA-EC-A1NJ-01	73	Endometrial Cancer	Uterine Endometrioid Carcinoma	2	Y	N	8.575131823	DiseaseFree	0.0530	Grade 2	Endometrioid	N	1	6	0.936182815	1	NA	MSI-H	MSI-H	NA	NA	UEC	8.58	LIVING	N	1	Primary	NA	Stage II
ucec_tcga_pub	TCGA-EC-A1QX	TCGA-EC-A1QX-01	71	Endometrial Cancer	Uterine Endometrioid Carcinoma	2	Y	N	7.162370642	Recurred	0.0796	Grade 3	Endometrioid	N	2	4	0.923555802	1	1	MSI-H	MSI-H	NA	NA	UEC	7.33	LIVING	Y	1	Primary	NA	Stage I
ucec_tcga_pub	TCGA-EC-A24G	TCGA-EC-A24G-01	57	Endometrial Cancer	Uterine Endometrioid Carcinoma	2	Y	N	NA	NA	0.0005	Grade 3	Endometrioid	N	1	2	0.953263868	0	2	MSI-H	MSI-H	NA	NA	UEC	1.51	LIVING	Y	1	Primary	NA	Stage II
ucec_tcga_pub	TCGA-EO-A1Y5	TCGA-EO-A1Y5-01	63	Endometrial Cancer	Uterine Serous Carcinoma/Uterine Papillary Serous Carcinoma	4	Y	Y	10.90783052	DiseaseFree	0.4065	Grade 3	Serous	Y	3	4	0.877287726	0	1	MSS	MSS	61	1_LOW	USC	10.91	LIVING	Y	1	Primary	Copy-number high (Serous-like)	Stage III
ucec_tcga_pub	TCGA-EO-A1Y7	TCGA-EO-A1Y7-01	65	Endometrial Cancer	Uterine Endometrioid Carcinoma	4	Y	N	7.983743422	DiseaseFree	0.2798	Grade 3	Endometrioid	N	4	3	0.897648505	0	NA	MSS	MSS	NA	NA	UEC	7.98	LIVING	N	1	Primary	NA	Stage I
ucec_tcga_pub	TCGA-EO-A1Y8	TCGA-EO-A1Y8-01	87	Endometrial Cancer	Uterine Serous Carcinoma/Uterine Papillary Serous Carcinoma	4	Y	Y	10.77641087	DiseaseFree	0.3002	Grade 3	Serous	Y	3	1	0.777473716	0	1	MSS	MSS	47	1_LOW	USC	10.78	LIVING	Y	1	Primary	Copy-number high (Serous-like)	Stage I
ucec_tcga_pub	TCGA-EY-A1G7	TCGA-EY-A1G7-01	86	Endometrial Cancer	Uterine Endometrioid Carcinoma	3	Y	N	3.121216564	Recurred	0.2201	Grade 2	Endometrioid	N	2	1	0.872298235	0	1	MSS	MSS	NA	NA	UEC	6.21	DECEASED	Y	1	Primary	NA	Stage II
ucec_tcga_pub	TCGA-EY-A1G8	TCGA-EY-A1G8-01	83	Endometrial Cancer	Uterine Endometrioid Carcinoma	2	Y	N	14.9489846	DiseaseFree	0.0499	Grade 3	Endometrioid	N	2	1	0.77520147	0	1	MSS	MSS	NA	NA	UEC	14.95	DECEASED	Y	1	Primary	NA	Stage I
ucec_tcga_pub	TCGA-EY-A1GC	TCGA-EY-A1GC-01	62	Endometrial Cancer	Uterine Endometrioid Carcinoma	4	Y	N	4.533977746	DiseaseFree	0.4314	Grade 3	Endometrioid	N	4	6	0.858645969	1	1	MSS	MSS	NA	NA	UEC	4.53	LIVING	Y	1	Primary	NA	Stage I
ucec_tcga_pub	TCGA-EY-A1GD	TCGA-EY-A1GD-01	51	Endometrial Cancer	Uterine Endometrioid Carcinoma	3	Y	N	8.148017978	DiseaseFree	0.0347	Grade 1	Endometrioid	N	2	6	0.641019608	0	2	MSS	MSS	NA	NA	UEC	8.15	LIVING	Y	1	Primary	NA	Stage I
ucec_tcga_pub	TCGA-EY-A1GE	TCGA-EY-A1GE-01	67	Endometrial Cancer	Uterine Endometrioid Carcinoma	1	Y	N	24.3454892	DiseaseFree	0.0000	Grade 1	Endometrioid	N	4	5	0.930343034	0	2	MSS	MSS	NA	NA	UEC	24.35	LIVING	Y	1	Primary	NA	Stage I
ucec_tcga_pub	TCGA-EY-A1GF	TCGA-EY-A1GF-01	75	Endometrial Cancer	Uterine Endometrioid Carcinoma	2	Y	N	27.13815665	DiseaseFree	0.0441	Grade 2	Endometrioid	N	1	6	0.694269048	1	NA	MSI-H	MSI-H	NA	NA	UEC	27.14	LIVING	N	1	Primary	NA	Stage I
ucec_tcga_pub	TCGA-EY-A1GH	TCGA-EY-A1GH-01	70	Endometrial Cancer	Uterine Endometrioid Carcinoma	2	Y	N	23.29413204	DiseaseFree	0.1841	Grade 2	Endometrioid	N	2	6	0.435212832	0	NA	MSS	MSS	NA	NA	UEC	23.29	LIVING	N	1	Primary	NA	Stage I
ucec_tcga_pub	TCGA-EY-A1GI	TCGA-EY-A1GI-01	52	Endometrial Cancer	Uterine Endometrioid Carcinoma	1	Y	N	23.29413204	DiseaseFree	0.0005	Grade 2	Endometrioid	N	2	2	0.953263868	0	NA	MSS	MSS	NA	NA	UEC	23.29	LIVING	N	1	Primary	NA	Stage I
ucec_tcga_pub	TCGA-EY-A1GJ	TCGA-EY-A1GJ-01	73	Endometrial Cancer	Uterine Endometrioid Carcinoma	4	Y	N	23.88552044	DiseaseFree	0.2352	Grade 3	Endometrioid	N	3	1	0.918650794	0	NA	MSS	MSS	NA	NA	UEC	23.89	LIVING	N	1	Primary	NA	Stage I
ucec_tcga_pub	TCGA-EY-A1GK	TCGA-EY-A1GK-01	74	Endometrial Cancer	Uterine Endometrioid Carcinoma	2	Y	N	22.76845346	DiseaseFree	0.0550	Grade 3	Endometrioid	N	1	2	0.32464941	1	2	MSI-H	MSI-H	NA	NA	UEC	22.77	LIVING	Y	1	Primary	NA	Stage I
ucec_tcga_pub	TCGA-EY-A1GL	TCGA-EY-A1GL-01	51	Endometrial Cancer	Uterine Endometrioid Carcinoma	2	Y	N	13.93048235	DiseaseFree	0.0655	Grade 2	Endometrioid	N	1	4	0.907347869	0	NA	MSS	MSS	NA	NA	UEC	13.93	LIVING	N	1	Primary	NA	Stage II
ucec_tcga_pub	TCGA-EY-A1GM	TCGA-EY-A1GM-01	60	Endometrial Cancer	Endometrial Carcinoma	4	Y	N	6.866676441	DiseaseFree	0.3240	Grade 3	Mixed	N	3	3	0.888897494	0	1	MSS	MSS	NA	NA	UCEC	6.87	LIVING	Y	1	Primary	NA	Stage III
ucec_tcga_pub	TCGA-EY-A1GO	TCGA-EY-A1GO-01	65	Endometrial Cancer	Uterine Endometrioid Carcinoma	3	Y	N	16.98598909	Recurred	0.6229	Grade 2	Endometrioid	N	4	6	0.875629713	1	NA	MSI-H	MSI-H	NA	NA	UEC	19.25	LIVING	N	1	Primary	NA	Stage III
ucec_tcga_pub	TCGA-EY-A1GP	TCGA-EY-A1GP-01	54	Endometrial Cancer	Uterine Endometrioid Carcinoma	4	Y	N	18.82586412	DiseaseFree	0.9472	Grade 1	Endometrioid	N	3	1	0.918650794	0	NA	MSS	MSS	NA	NA	UEC	18.83	LIVING	N	1	Primary	NA	Stage I
ucec_tcga_pub	TCGA-EY-A1GQ	TCGA-EY-A1GQ-01	76	Endometrial Cancer	Uterine Endometrioid Carcinoma	3	Y	N	10.97354034	Recurred	0.2584	Grade 3	Endometrioid	N	1	2	0.953263868	1	2	MSI-H	MSI-H	NA	NA	UEC	17.87	LIVING	Y	1	Primary	NA	Stage I
ucec_tcga_pub	TCGA-EY-A1GR	TCGA-EY-A1GR-01	67	Endometrial Cancer	Uterine Endometrioid Carcinoma	4	Y	N	17.6102324	DiseaseFree	0.7230	Grade 3	Endometrioid	N	3	6	0.936182815	0	1	MSS	MSS	NA	NA	UEC	17.61	LIVING	Y	1	Primary	NA	Stage I
ucec_tcga_pub	TCGA-EY-A1GS	TCGA-EY-A1GS-01	71	Endometrial Cancer	Uterine Serous Carcinoma/Uterine Papillary Serous Carcinoma	4	Y	Y	NA	Recurred	0.6302	Grade 3	Serous	Y	2	4	0.886489497	0	1	MSS	MSS	212	2_HIGH	USC	15.08	LIVING	Y	1	Primary	Copy-number high (Serous-like)	Stage IV
ucec_tcga_pub	TCGA-EY-A1GT	TCGA-EY-A1GT-01	68	Endometrial Cancer	Uterine Endometrioid Carcinoma	3	Y	N	16.09890649	DiseaseFree	0.0810	Grade 1	Endometrioid	N	1	4	0.877287726	0	3	MSS	MSS	NA	NA	UEC	16.1	LIVING	Y	1	Primary	NA	Stage III
ucec_tcga_pub	TCGA-EY-A1GU	TCGA-EY-A1GU-01	66	Endometrial Cancer	Uterine Endometrioid Carcinoma	3	Y	N	12.41915643	DiseaseFree	0.0341	Grade 2	Endometrioid	N	1	5	0.910202499	1	2	MSI-H	MSI-H	NA	NA	UEC	12.42	LIVING	Y	1	Primary	NA	Stage I
ucec_tcga_pub	TCGA-EY-A1GV	TCGA-EY-A1GV-01	75	Endometrial Cancer	Endometrial Carcinoma	2	Y	N	15.80321229	DiseaseFree	0.1646	Grade 3	Mixed	N	3	4	0.886489497	0	3	MSS	MSS	NA	NA	UCEC	15.8	LIVING	Y	1	Primary	NA	Stage III
ucec_tcga_pub	TCGA-EY-A1GW	TCGA-EY-A1GW-01	73	Endometrial Cancer	Uterine Endometrioid Carcinoma	4	Y	N	6.242433128	Recurred	0.5739	Grade 3	Endometrioid	N	2	6	0.866569291	0	2	MSS	MSS	NA	NA	UEC	11.07	DECEASED	Y	1	Primary	NA	Stage IV
ucec_tcga_pub	TCGA-EY-A1GX	TCGA-EY-A1GX-01	76	Endometrial Cancer	Uterine Endometrioid Carcinoma	3	Y	N	6.472417506	DiseaseFree	0.1997	Grade 2	Endometrioid	N	1	5	-0.164556962	0	NA	MSS	MSS	NA	NA	UEC	6.47	LIVING	N	1	Primary	NA	Stage III
ucec_tcga_pub	TCGA-EY-A1H0	TCGA-EY-A1H0-01	57	Endometrial Cancer	Uterine Endometrioid Carcinoma	2	Y	N	14.71900022	Recurred	0.1423	Grade 2	Endometrioid	N	1	3	0.897648505	1	2	MSI-H	MSI-H	NA	NA	UEC	19.32	LIVING	Y	1	Primary	NA	Stage III
ucec_tcga_pub	TCGA-EY-A210	TCGA-EY-A210-01	82	Endometrial Cancer	Endometrial Carcinoma	4	Y	N	12.58343099	DiseaseFree	0.2899	Grade 3	Mixed	N	3	3	0.888897494	0	NA	MSI-L	MSI-L	NA	NA	UCEC	12.58	LIVING	N	1	Primary	NA	Stage III
ucec_tcga_pub	TCGA-EY-A212	TCGA-EY-A212-01	83	Endometrial Cancer	Uterine Serous Carcinoma/Uterine Papillary Serous Carcinoma	4	Y	Y	NA	Recurred	0.3487	Grade 3	Serous	Y	3	4	0.774263515	0	1	MSS	MSS	52	1_LOW	USC	9.96	DECEASED	Y	1	Primary	Copy-number high (Serous-like)	Stage III
ucec_tcga_pub	TCGA-EY-A214	TCGA-EY-A214-01	66	Endometrial Cancer	Uterine Endometrioid Carcinoma	4	Y	N	14.39045111	DiseaseFree	0.6385	Grade 3	Endometrioid	N	3	6	0.936182815	0	NA	MSS	MSS	NA	NA	UEC	14.39	LIVING	N	1	Primary	NA	Stage III
ucec_tcga_pub	TCGA-EY-A215	TCGA-EY-A215-01	60	Endometrial Cancer	Uterine Endometrioid Carcinoma	2	Y	N	18.85871903	DiseaseFree	0.0013	Grade 3	Endometrioid	N	1	6	0.936182815	1	NA	MSI-H	MSI-H	NA	NA	UEC	18.86	LIVING	N	1	Primary	NA	Stage I
ucec_tcga_pub	TCGA-FI-A2CX	TCGA-FI-A2CX-01	82	Endometrial Cancer	Uterine Endometrioid Carcinoma	2	Y	N	39.98442693	DiseaseFree	0.0044	Grade 3	Endometrioid	N	3	4	0.923555802	0	1	MSS	MSS	NA	NA	UEC	39.98	LIVING	Y	1	Primary	NA	Stage I
ucec_tcga_pub	TCGA-FI-A2CY	TCGA-FI-A2CY-01	60	Endometrial Cancer	Endometrial Carcinoma	4	Y	N	34.95762552	DiseaseFree	0.2356	Grade 3	Mixed	N	3	4	0.921856623	0	1	MSS	MSS	NA	NA	UCEC	34.96	LIVING	Y	1	Primary	NA	Stage I
ucec_tcga_pub	TCGA-FI-A2D0	TCGA-FI-A2D0-01	55	Endometrial Cancer	Uterine Endometrioid Carcinoma	1	Y	N	33.97197818	DiseaseFree	0.0000	Grade 3	Endometrioid	N	4	4	0.923555802	0	1	MSI-H	MSI-H	NA	NA	UEC	33.97	LIVING	Y	1	Primary	NA	Stage I
ucec_tcga_pub	TCGA-FI-A2D2	TCGA-FI-A2D2-01	66	Endometrial Cancer	Endometrial Carcinoma	4	Y	Y	35.97612776	DiseaseFree	0.5059	Grade 3	Mixed	Y	3	4	0.853878533	0	1	MSS	MSS	40	1_LOW	UCEC	35.98	LIVING	Y	1	Primary	Copy-number high (Serous-like)	Stage I
ucec_tcga_pub	TCGA-FI-A2D4	TCGA-FI-A2D4-01	44	Endometrial Cancer	Uterine Endometrioid Carcinoma	2	Y	N	NA	Recurred	0.1856	Grade 3	Endometrioid	N	1	3	0.897648505	1	1	MSI-H	MSI-H	NA	NA	UEC	7.95	DECEASED	Y	1	Primary	NA	Stage III
ucec_tcga_pub	TCGA-FI-A2D5	TCGA-FI-A2D5-01	56	Endometrial Cancer	Uterine Endometrioid Carcinoma	1	Y	N	NA	Recurred	0.0005	Grade 3	Endometrioid	N	4	2	0.912165907	0	1	MSS	MSS	NA	NA	UEC	14	DECEASED	Y	1	Primary	NA	Stage IV
ucec_tcga_pub	TCGA-FI-A2D6	TCGA-FI-A2D6-01	74	Endometrial Cancer	Uterine Endometrioid Carcinoma	2	Y	N	8.969390758	DiseaseFree	0.0456	Grade 3	Endometrioid	N	1	1	0.739874405	1	1	MSI-H	MSI-H	NA	NA	UEC	8.97	LIVING	Y	1	Primary	NA	Stage I
ucec_tcga_pub	TCGA-FI-A2EU	TCGA-FI-A2EU-01	68	Endometrial Cancer	Uterine Serous Carcinoma/Uterine Papillary Serous Carcinoma	4	Y	N	84.01000794	DiseaseFree	0.3318	Grade 3	Serous	N	3	4	0.923555802	0	1	MSS	MSS	NA	NA	USC	84.01	LIVING	Y	1	Primary	NA	Stage I
ucec_tcga_pub	TCGA-FI-A2EW	TCGA-FI-A2EW-01	71	Endometrial Cancer	Uterine Serous Carcinoma/Uterine Papillary Serous Carcinoma	4	Y	Y	NA	Recurred	0.5549	Grade 3	Serous	Y	3	4	0.886489497	0	1	Indeterminant	Indeterminant	86	1_LOW	USC	58.97	LIVING	Y	1	Primary	Copy-number high (Serous-like)	Stage II
ucec_tcga_pub	TCGA-FI-A2EX	TCGA-FI-A2EX-01	58	Endometrial Cancer	Uterine Serous Carcinoma/Uterine Papillary Serous Carcinoma	4	Y	Y	NA	Recurred	0.5270	Grade 3	Serous	Y	3	4	0.886489497	0	1	MSS	MSS	52	1_LOW	USC	9.07	LIVING	Y	1	Primary	Copy-number high (Serous-like)	Stage III
ucec_tcga_pub	TCGA-FI-A2F4	TCGA-FI-A2F4-01	64	Endometrial Cancer	Uterine Endometrioid Carcinoma	3	Y	N	28.91232186	DiseaseFree	0.0344	Grade 3	Endometrioid	N	1	6	0.936182815	1	2	MSI-H	MSI-H	NA	NA	UEC	28.91	LIVING	Y	1	Primary	NA	Stage I
ucec_tcga_pub	TCGA-FI-A2F8	TCGA-FI-A2F8-01	64	Endometrial Cancer	Uterine Serous Carcinoma/Uterine Papillary Serous Carcinoma	4	Y	Y	25.00258742	DiseaseFree	0.3156	Grade 3	Serous	Y	3	6	0.936182815	0	1	MSS	MSS	57	1_LOW	USC	25	LIVING	Y	1	Primary	Copy-number high (Serous-like)	Stage II
ucec_tcga_pub	TCGA-FI-A2F9	TCGA-FI-A2F9-01	79	Endometrial Cancer	Uterine Endometrioid Carcinoma	4	Y	N	25.98823476	DiseaseFree	0.3709	Grade 3	Endometrioid	N	3	6	-0.061109725	0	1	MSS	MSS	NA	NA	UEC	25.99	LIVING	Y	1	Primary	NA	Stage I